NL;LTL;APs
Stay out of locality 5 until you retrieve pass 5 from house 2 and put it in office 3;!locality_5 U (house_2 & F(p_pass_5 & F(office_3 & pd)));['pd', 'office_3', 'house_2', 'locality_5', 'p_pass_5']
Refrain from entering locality 5 until you collect pass 5 from house 2 and deposit it in office 3;!locality_5 U (house_2 & F(p_pass_5 & F(office_3 & pd)));['pd', 'office_3', 'house_2', 'locality_5', 'p_pass_5']
Avoid entering room 2 until you take bottle 4 from kitchen 1 and place it on table 4;!room_2 U (kitchen_1 & F(p_bottle_4 & F(pd & table_4)));['pd', 'table_4', 'room_2', 'kitchen_1', 'p_bottle_4']
Avoid entering locality 5 until you pick up pass 5 from house 2 and place it in office 3;!locality_5 U (house_2 & F(p_pass_5 & F(office_3 & pd)));['pd', 'office_3', 'house_2', 'locality_5', 'p_pass_5']
Do not go to room 2 until you take bottle 4 from kitchen 1, and then put it on table 4;!room_2 U (kitchen_1 & F(p_bottle_4 & F(pd & table_4)));['pd', 'table_4', 'room_2', 'kitchen_1', 'p_bottle_4']
Do not enter locality 5 until you pick up pass 5 from house 2 and put it in office 3;!locality_5 U (house_2 & F(p_pass_5 & F(office_3 & pd)));['pd', 'office_3', 'house_2', 'locality_5', 'p_pass_5']
Do not go to room 2 before retrieving bottle 4 from kitchen 1 and putting it on table 4;!room_2 U (kitchen_1 & F(p_bottle_4 & F(pd & table_4)));['pd', 'table_4', 'room_2', 'kitchen_1', 'p_bottle_4']
Refrain from going to room 2 until you pick up bottle 4 from kitchen 1 and place it on table 4;!room_2 U (kitchen_1 & F(p_bottle_4 & F(pd & table_4)));['pd', 'table_4', 'room_2', 'kitchen_1', 'p_bottle_4']
Stay away from room 2 until you collect bottle 4 from kitchen 1 and deliver it to table 4;!room_2 U (kitchen_1 & F(p_bottle_4 & F(pd & table_4)));['pd', 'table_4', 'room_2', 'kitchen_1', 'p_bottle_4']
Do not go to locality 5 before collecting pass 5 from house 2 and delivering it to office 3;!locality_5 U (house_2 & F(p_pass_5 & F(office_3 & pd)));['pd', 'office_3', 'house_2', 'locality_5', 'p_pass_5']
Avoid entering park 9 until you visit gate 7 and take a picture;!park_9 U (gate_7 & photo);['photo', 'park_9', 'gate_7']
Refrain from entering park 9 until you reach gate 7 and take a picture there;!park_9 U (gate_7 & photo);['photo', 'park_9', 'gate_7']
Stay away from park 9 until you go to gate 7 and ensure you take a photograph;!park_9 U (gate_7 & photo);['photo', 'park_9', 'gate_7']
Do not enter park 9 until you go to gate 7 and take a picture;!park_9 U (gate_7 & photo);['photo', 'park_9', 'gate_7']
Do not go to street 5 before reaching store 1 and taking package 4 from there.;!street_5 U (p_package_4 & store_1);['p_package_4', 'street_5', 'store_1']
Do not go to park 9 before arriving at gate 7 and capturing a photo;!park_9 U (gate_7 & photo);['photo', 'park_9', 'gate_7']
Do not enter garage 1 until you take a picture of landmark 5;!garage_1 U (landmark_5 & photo);['photo', 'garage_1', 'landmark_5']
Do not visit room 4 until building 4 is reached;!room_4 U building_4;['building_4', 'room_4']
Do not enter park 6 unless you have already picked up pass 4;!park_6 U p_pass_4;['park_6', 'p_pass_4']
Do not go to parking lot 4 before arriving at building 8;!parking_lot_4 U building_8;['building_8', 'parking_lot_4']
Refrain from visiting intersection 4 until you have reached street 5;!intersection_4 U street_5;['street_5', 'intersection_4']
Avoid picking up cone 2 until you have reached intersection 4;!p_cone_2 U intersection_4;['intersection_4', 'p_cone_2']
Refrain from entering park 5 until after you get to intersection 4;!park_5 U intersection_4;['park_5', 'intersection_4']
Avoid building 1 until street 4 is reached;!building_1 U street_4;['building_1', 'street_4']
Do not enter building 8 until you reach parking lot 8;!building_8 U parking_lot_8;['building_8', 'parking_lot_8']
Avoid entering room 4 until you have reached building 4;!room_4 U building_4;['building_4', 'room_4']
Do not pick up cone 2 until you go to intersection 4;!p_cone_2 U intersection_4;['intersection_4', 'p_cone_2']
Ensure you do to intersection 4 before picking up cone 2;!p_cone_2 U intersection_4;['intersection_4', 'p_cone_2']
Refrain from visiting parking lot 4 until you get to building 8;!parking_lot_4 U building_8;['building_8', 'parking_lot_4']
Ensure you stay away from intersection 5 until street 4 is reached, while delivering pass 4 from house 4 to office 1;(!intersection_5 U street_4) & F(house_4 & F(p_pass_4 & F(office_1 & pd)));['pd', 'street_4', 'house_4', 'intersection_5', 'p_pass_4', 'office_1']
Do not enter office 4 until you pick pass 6 as you move pass 6 from house 5 to office 4;(!office_4 U p_pass_6) & F(house_5 & F(p_pass_6 & F(office_4 & pd)));['pd', 'office_4', 'house_5', 'p_pass_6']
Do not approach intersection 5 before reaching street 4 and delivering pass 4 from house 4 to office 1;(!intersection_5 U street_4) & F(house_4 & F(p_pass_4 & F(office_1 & pd)));['pd', 'street_4', 'house_4', 'intersection_5', 'p_pass_4', 'office_1']
Avoid going to intersection 5 until you reach street 4 while delivering pass 4 from house 4 to office 1;(!intersection_5 U street_4) & F(house_4 & F(p_pass_4 & F(office_1 & pd)));['pd', 'street_4', 'house_4', 'intersection_5', 'p_pass_4', 'office_1']
Avoid entering intersection 5 until you reach street 4, and ensure you go to house 4, pick up pass 4, and deliver it to office 1;(!intersection_5 U street_4) & F(house_4 & F(p_pass_4 & F(office_1 & pd)));['pd', 'street_4', 'house_4', 'intersection_5', 'p_pass_4', 'office_1']
Do not go to intersection 1 before arriving at street 6, and ensure you take cone 3 from street 2 and place it in intersection 1;(!intersection_1 U street_6) & F(street_2 & F(p_cone_3 & F(intersection_1 & pd)));['pd', 'street_6', 'street_2', 'intersection_1', 'p_cone_3']
Avoid office 4 until pick up pass 6, then you need to pick it up at house 5 and deliver it to office 4;(!office_4 U p_pass_6) & F(house_5 & F(p_pass_6 & F(office_4 & pd)));['pd', 'office_4', 'house_5', 'p_pass_6']
Avoid entering park 4 until you reach street 3, and then transport takeout 2 from store 7 to bench 3;(!park_4 U street_3) & F(store_7 & F(p_takeout_2 & F(bench_3 & pd)));['pd', 'street_3', 'park_4', 'store_7', 'p_takeout_2', 'bench_3']
Stay away from park 4 until you reach street 3, and afterward, deliver takeout 2 from store 7 to bench 3;(!park_4 U street_3) & F(store_7 & F(p_takeout_2 & F(bench_3 & pd)));['pd', 'street_3', 'park_4', 'store_7', 'p_takeout_2', 'bench_3']
Do not go to park 4 before arriving at street 3, and ensure you move takeout 2 from store 7 to bench 3;(!park_4 U street_3) & F(store_7 & F(p_takeout_2 & F(bench_3 & pd)));['pd', 'street_3', 'park_4', 'store_7', 'p_takeout_2', 'bench_3']
Do not enter office 4 until you have picked up pass 6, and ensure that you eventually go to house 5, retrieve pass 6, and subsequently deliver it to office 4;(!office_4 U p_pass_6) & F(house_5 & F(p_pass_6 & F(office_4 & pd)));['pd', 'office_4', 'house_5', 'p_pass_6']
Do not enter intersection 1 until you reach street 6 as you take cone 3 from street 2 and put it in intersection 1;(!intersection_1 U street_6) & F(street_2 & F(p_cone_3 & F(intersection_1 & pd)));['pd', 'street_6', 'street_2', 'intersection_1', 'p_cone_3']
Do not enter parking lot 4 until you reach street 5 as you enter and stay in parking lot 4;(!parking_lot_4 U street_5) & F(parking_lot_4 & Gparking_lot_4);['street_5', 'parking_lot_4']
Refrain from going to parking lot 4 until you arrive at street 5, and then ensure you enter and stay in parking lot 4;(!parking_lot_4 U street_5) & F(parking_lot_4 & Gparking_lot_4);['street_5', 'parking_lot_4']
Do not visit parking lot 4 before reaching street 5, and after that, proceed to enter and remain there;(!parking_lot_4 U street_5) & F(parking_lot_4 & Gparking_lot_4);['street_5', 'parking_lot_4']
Avoid entering parking lot 4 until you reach street 5 and then enter and remain in parking lot 4;(!parking_lot_4 U street_5) & F(parking_lot_4 & Gparking_lot_4);['street_5', 'parking_lot_4']
Stay away from parking lot 4 until you reach street 5, after which you must enter and stay in parking lot 4 continuously;(!parking_lot_4 U street_5) & F(parking_lot_4 & Gparking_lot_4);['street_5', 'parking_lot_4']
Avoid entering street 5 until you reach store 1 while delivering package 4 from store 1;(!street_5 U store_1) & F(p_package_4 & store_1);['p_package_4', 'street_5', 'store_1']
Stay away from street 4 until you reach intersection 2 as you go to house 13 and pick up trash 13;(!street_4 U intersection_2) & F(house_13 & p_trash_13);['street_4', 'intersection_2', 'house_13', 'p_trash_13']
Avoid taking pictures until you get to park 5 while going to landmark 4 to take its picture;(!photo U park_5) & F(landmark_4 & photo);['photo', 'park_5', 'landmark_4']
Do not take a picture until you reach park 5 as you go to take a picture of landmark 4;(!photo U park_5) & F(landmark_4 & photo);['photo', 'park_5', 'landmark_4']
Avoid going to park 5 until you reach intersection 5 as you take a photo of monument 3;(!park_5 U intersection_5) & F(monument_3 & photo);['photo', 'park_5', 'monument_3', 'intersection_5']
Refrain from entering landmark 5 until you reach park 5, and then ensure you take a picture of landmark 5 at some point;(!landmark_5 U park_5) & F(landmark_5 & photo);['photo', 'park_5', 'landmark_5']
Ensure you stay away from street 5 until you get to store 1 to deliver package 4;(!street_5 U store_1) & F(p_package_4 & store_1);['p_package_4', 'street_5', 'store_1']
Avoid entering street 5 until you reach store 1, and ensure that you eventually go to store 1 and pick up package 4;(!street_5 U store_1) & F(p_package_4 & store_1);['p_package_4', 'street_5', 'store_1']
Avoid visiting landmark 5 until you reach park 5, and eventually take a photo of landmark 5;(!landmark_5 U park_5) & F(landmark_5 & photo);['photo', 'park_5', 'landmark_5']
Avoid going to garage 1 until you take a picture as you take a picture of landmark 5;(!garage_1 U photo) & F(landmark_5 & photo);['photo', 'garage_1', 'landmark_5']
Stay out of garage 1 until you take a picture as part of photographing landmark 5;(!garage_1 U photo) & F(landmark_5 & photo);['photo', 'garage_1', 'landmark_5']
Do not enter street 5 until you reach store 1 as you pick up package 4 from store 1;(!street_5 U store_1) & F(p_package_4 & store_1);['p_package_4', 'street_5', 'store_1']
Avoid going to street 4 until you reach intersection 6, after which you must go to and remain in street 4;(!street_4 U intersection_6) & FGstreet_4;['street_4', 'intersection_6']
Refrain from visiting street 4 until you have reached intersection 6, after which you must transition to and stay in street 4;(!street_4 U intersection_6) & FGstreet_4;['street_4', 'intersection_6']
Stay away from street 4 until you arrive at intersection 6 and then proceed to and remain in street 4;(!street_4 U intersection_6) & FGstreet_4;['street_4', 'intersection_6']
Do not enter building 3 until you arrive at garage 3, and once there, remain in building 3;(!building_3 U garage_3) & FGbuilding_3;['building_3', 'garage_3']
Do not enter street 4 before reaching intersection 6 and then stay in street 4 continuously;(!street_4 U intersection_6) & FGstreet_4;['street_4', 'intersection_6']
Do not go to street 4 until you reach intersection 6 as you go to and stay in street 4;(!street_4 U intersection_6) & FGstreet_4;['street_4', 'intersection_6']
Stay away from intersection 8 until street 3 is reached, and ensure you go to locality 5 afterward;(!intersection_8 U street_3) & Flocality_5;['intersection_8', 'street_3', 'locality_5']
Refrain from visiting intersection 8 until you reach street 3 and then make your way to locality 5;(!intersection_8 U street_3) & Flocality_5;['intersection_8', 'street_3', 'locality_5']
Do not go to intersection 8 until you reach street 3 as you go to locality 5;(!intersection_8 U street_3) & Flocality_5;['intersection_8', 'street_3', 'locality_5']
Avoid going to intersection 8 until you reach street 3, and then proceed to locality 5;(!intersection_8 U street_3) & Flocality_5;['intersection_8', 'street_3', 'locality_5']
Do not enter intersection 8 before arriving at street 3, while ensuring you eventually go to locality 5;(!intersection_8 U street_3) & Flocality_5;['intersection_8', 'street_3', 'locality_5']
Stay in park 5 until you reach bench 4, and ensure you eventually go to store 2 and pick up bottle 5 and deliver it to bench 4;(park_5 U bench_4) & F(store_2 & F(p_bottle_5 & F(bench_4 & pd)));['pd', 'park_5', 'store_2', 'bench_4', 'p_bottle_5']
Stay within locality 1 until you arrive at intersection 4, after which take package 5 from warehouse 9 to store 2;(locality_1 U intersection_4) & F(warehouse_9 & F(p_package_5 & F(pd & store_2)));['pd', 'p_package_5', 'store_2', 'intersection_4', 'locality_1', 'warehouse_9']
Stay in park 5 until you arrive at bench 4 while transporting bottle 5 from store 2 to bench 4;(park_5 U bench_4) & F(store_2 & F(p_bottle_5 & F(bench_4 & pd)));['pd', 'park_5', 'store_2', 'bench_4', 'p_bottle_5']
Do not leave locality 1 before reaching intersection 4, and then ensure package 5 is delivered from warehouse 9 to store 2;(locality_1 U intersection_4) & F(warehouse_9 & F(p_package_5 & F(pd & store_2)));['pd', 'p_package_5', 'store_2', 'intersection_4', 'locality_1', 'warehouse_9']
Stay in locality 1 until you reach intersection 4 as you take package 5 from warehouse 9 to store 2;(locality_1 U intersection_4) & F(warehouse_9 & F(p_package_5 & F(pd & store_2)));['pd', 'p_package_5', 'store_2', 'intersection_4', 'locality_1', 'warehouse_9']
Remain in park 5 until you reach bench 4, and ensure you take bottle 5 from store 2 and deliver it to bench 4;(park_5 U bench_4) & F(store_2 & F(p_bottle_5 & F(bench_4 & pd)));['pd', 'park_5', 'store_2', 'bench_4', 'p_bottle_5']
Remain in locality 1 until you arrive intersection 4 as you take package 5 from warehouse 9 to store 2;(locality_1 U intersection_4) & F(warehouse_9 & F(p_package_5 & F(pd & store_2)));['pd', 'p_package_5', 'store_2', 'intersection_4', 'locality_1', 'warehouse_9']
Stay in park 5 until you reach bench 4 and ensure you eventually go to store 2 and  pick up bottle 5 and deliver it to bench 4;(park_5 U bench_4) & F(store_2 & F(p_bottle_5 & F(bench_4 & pd)));['pd', 'park_5', 'store_2', 'bench_4', 'p_bottle_5']
Stay within locality 1 until you arrive at intersection 4, after which deliver package 5 from warehouse 9 to store 2;(locality_1 U intersection_4) & F(warehouse_9 & F(p_package_5 & F(pd & store_2)));['pd', 'p_package_5', 'store_2', 'intersection_4', 'locality_1', 'warehouse_9']
Stay in park 5 until you reach bench 4 as you take bottle 5 from store 2 and deliver it to bench 4;(park_5 U bench_4) & F(store_2 & F(p_bottle_5 & F(bench_4 & pd)));['pd', 'park_5', 'store_2', 'bench_4', 'p_bottle_5']
Pick up stack 4 from house 4 and go to street 2 and stay there;F(house_4 & F(p_stack_4 & F(street_2 & Gstreet_2)));['house_4', 'street_2', 'p_stack_4']
Eventually collect stack 4 from house 4 and go to street 2 and stay there;F(house_4 & F(p_stack_4 & F(street_2 & Gstreet_2)));['house_4', 'street_2', 'p_stack_4']
Pick up brochure 9 from table 2 and go to park 4 and stay there;F(table_2 & F(p_brochure_9 & F(park_4 & Gpark_4)));['table_2', 'park_4', 'p_brochure_9']
Retrieve bottle 2 from kitchen 1 and move to hall 2, staying there indefintely;F(kitchen_1 & F(p_bottle_2 & F(hall_2 & Ghall_2)));['kitchen_1', 'p_bottle_2', 'hall_2']
Retrieve stack 4 from house 4, travel to street 2, and continuously remain there;F(house_4 & F(p_stack_4 & F(street_2 & Gstreet_2)));['house_4', 'street_2', 'p_stack_4']
Pick up document 1 from office 3 and take it to street 2 and stay there;F(office_3 & F(p_document_1 & F(street_2 & Gstreet_2)));['office_3', 'street_2', 'p_document_1']
Take brochure 9 from table 2, head to park 4, and stay there indefinitely;F(table_2 & F(p_brochure_9 & F(park_4 & Gpark_4)));['table_2', 'park_4', 'p_brochure_9']
Pick up stack 4 from house 4, proceed to street 2, and remain there;F(house_4 & F(p_stack_4 & F(street_2 & Gstreet_2)));['house_4', 'street_2', 'p_stack_4']
Go to kitchen 1 to pick up bottle 2 and remain in hall 2 afterward;F(kitchen_1 & F(p_bottle_2 & F(hall_2 & Ghall_2)));['kitchen_1', 'p_bottle_2', 'hall_2']
Eventually (go to office 3, pick up document 1, and then go to street 2 and remain there permanently);F(office_3 & F(p_document_1 & F(street_2 & Gstreet_2)));['office_3', 'street_2', 'p_document_1']
Get brochure 9 from table 2 and go to park 4 and stay there;F(table_2 & F(p_brochure_9 & F(park_4 & Gpark_4)));['table_2', 'park_4', 'p_brochure_9']
Go to office 3 to pick up document 1 and move to street 2 to remain there indefinitely;F(office_3 & F(p_document_1 & F(street_2 & Gstreet_2)));['office_3', 'street_2', 'p_document_1']
Go to warehouse 3 to collect package 2, deliver it to house 1, and take a picture there;F(warehouse_3 & F(p_package_2 & F(house_1 & pd & photo)));['warehouse_3', 'pd', 'photo', 'house_1', 'p_package_2']
Retrieve package 2 at warehouse 3, bring it to house 1, and capture a photo at house 1;F(warehouse_3 & F(p_package_2 & F(house_1 & pd & photo)));['warehouse_3', 'pd', 'photo', 'house_1', 'p_package_2']
Eventually go to warehouse 3 and pick up package 2 and then go to house 1 to deliver the package and take a picture there.;F(warehouse_3 & F(p_package_2 & F(house_1 & pd & photo)));['warehouse_3', 'pd', 'photo', 'house_1', 'p_package_2']
Deliver package 2 from warehouse 3 to house 1 and take a picture at house 1;F(warehouse_3 & F(p_package_2 & F(house_1 & pd & photo)));['warehouse_3', 'pd', 'photo', 'house_1', 'p_package_2']
Pick up package 2 from warehouse 3, deliver it to house 1, and take a picture at house 1;F(warehouse_3 & F(p_package_2 & F(house_1 & pd & photo)));['warehouse_3', 'pd', 'photo', 'house_1', 'p_package_2']
Retrieve letter 4 at office 5 and transport it to house 2;F(office_5 & F(p_letter_4 & F(house_2 & pd)));['pd', 'house_2', 'office_5', 'p_letter_4']
Ensure you collect box 5 from plant 8, then take it to store 6;F(plant_8 & F(p_box_5 & F(pd & store_6)));['pd', 'plant_8', 'p_box_5', 'store_6']
Retrieve letter 3 at post office 1 and take it to house 2;F(post_office_1 & F(p_letter_3 & F(house_2 & pd)));['pd', 'house_2', 'post_office_1', 'p_letter_3']
Pick up brochure 2 from table 8 and subsequently deliver it to table 1;F(table_8 & F(p_brochure_2 & F(pd & table_1)));['pd', 'table_8', 'p_brochure_2', 'table_1']
Pick up letter 2 from post office 1 and place it in building 3;F(post_office_1 & F(p_lettter_2 & F(building_3 & pd)));['pd', 'post_office_1', 'p_lettter_2', 'building_3']
Pick up box 8 from store 5 and deliver it to house 1;F(store_5 & F(p_box_8 & F(house_1 & pd)));['pd', 'house_1', 'p_box_8', 'store_5']
Retrieve bottle 3 from bedroom 2 and place it in kitchen 4;F(bedroom_2 & F(p_bottle_3 & F(kitchen_4 & pd)));['pd', 'bedroom_2', 'p_bottle_3', 'kitchen_4']
Take bottle 3 from bedroom 2 and place it in kitchen 4 afterward;F(bedroom_2 & F(p_bottle_3 & F(kitchen_4 & pd)));['pd', 'bedroom_2', 'p_bottle_3', 'kitchen_4']
Go to house 4 and pick up package 2 and take it to warehouse 5;F(house_4 & F(p_package_2 & F(pd & warehouse_5)));['pd', 'house_4', 'p_package_2', 'warehouse_5']
Get letter 3 from post office 1 and deliver it to house 2;F(post_office_1 & F(p_letter_3 & F(house_2 & pd)));['pd', 'house_2', 'post_office_1', 'p_letter_3']
Ensure you collect package 4 from store 2 and then put it in house 4;F(store_2 & F(p_package_4 & F(house_4 & pd)));['pd', 'p_package_4', 'house_4', 'store_2']
Go to house 5 to collect box 4 and transport it to office 2;F(house_5 & F(p_box_4 & F(office_2 & pd)));['pd', 'house_5', 'p_box_4', 'office_2']
Retrieve pass 2 from house 3 and deliver it to office 2 while avoiding street 5 until after picking up pass 2;F(house_3 & F(p_pass_2 & F(office_2 & pd))) & (!street_5 U p_pass_2);['pd', 'street_5', 'office_2', 'house_3', 'p_pass_2']
Go to house 3, collect pass 2, and take it to office 2, making sure you do not go to street 5 before picking up pass 2;F(house_3 & F(p_pass_2 & F(office_2 & pd))) & (!street_5 U p_pass_2);['pd', 'street_5', 'office_2', 'house_3', 'p_pass_2']
Deliver pass 2 from house 3 to office 2 but do not enter street 5 until you pick up pass 2;F(house_3 & F(p_pass_2 & F(office_2 & pd))) & (!street_5 U p_pass_2);['pd', 'street_5', 'office_2', 'house_3', 'p_pass_2']
Eventually go to house 3, pick up pass 2, and deliver it to office 2, while ensuring you do not enter street 5 before picking up pass 2;F(house_3 & F(p_pass_2 & F(office_2 & pd))) & (!street_5 U p_pass_2);['pd', 'street_5', 'office_2', 'house_3', 'p_pass_2']
Pick up pass 2 from house 3 and deliver it to office 2, ensuring you do not enter street 5 before retrieving pass 2;F(house_3 & F(p_pass_2 & F(office_2 & pd))) & (!street_5 U p_pass_2);['pd', 'street_5', 'office_2', 'house_3', 'p_pass_2']
Ensure you transport box 1 from store 6 to house 9, and afterward, go to intersection 5 and stay there indefinitely;F(store_6 & F(p_box_1 & F(house_9 & pd))) & F(intersection_5 & Gintersection_5);['pd', 'store_6', 'house_9', 'intersection_5', 'p_box_1']
Pick up box 1 from store 6, deliver it to house 9, and then head to intersection 5 and stay there;F(store_6 & F(p_box_1 & F(house_9 & pd))) & F(intersection_5 & Gintersection_5);['pd', 'store_6', 'house_9', 'intersection_5', 'p_box_1']
Deliver box 1 from store 6 to house 9, then proceed to intersection 5 and remain there permanently;F(store_6 & F(p_box_1 & F(house_9 & pd))) & F(intersection_5 & Gintersection_5);['pd', 'store_6', 'house_9', 'intersection_5', 'p_box_1']
Deliver box 1 from store 6 to house 9 and then go to intersection 5 and stay there;F(store_6 & F(p_box_1 & F(house_9 & pd))) & F(intersection_5 & Gintersection_5);['pd', 'store_6', 'house_9', 'intersection_5', 'p_box_1']
Move box 1 from store 6 to house 9, and then go to intersection 5 and continue staying there;F(store_6 & F(p_box_1 & F(house_9 & pd))) & F(intersection_5 & Gintersection_5);['pd', 'store_6', 'house_9', 'intersection_5', 'p_box_1']
Collect package 2 from store 3 and take it to house 2 without entering mall 1;F(store_3 & F(p_package_2 & F(house_2 & pd))) & G!mall_1;['pd', 'house_2', 'store_3', 'p_package_2', 'mall_1']
Retrieve package 2 from store 3, deliver it to house 2, and never go into mall 1;F(store_3 & F(p_package_2 & F(house_2 & pd))) & G!mall_1;['pd', 'house_2', 'store_3', 'p_package_2', 'mall_1']
Pick up package 2 from store 3, take it to house 2, while avoiding mall 1 completely;F(store_3 & F(p_package_2 & F(house_2 & pd))) & G!mall_1;['pd', 'house_2', 'store_3', 'p_package_2', 'mall_1']
Go to store 3 to get package 2 and deliver it to house 2, ensuring you do not enter mall 1;F(store_3 & F(p_package_2 & F(house_2 & pd))) & G!mall_1;['pd', 'house_2', 'store_3', 'p_package_2', 'mall_1']
Get package 2 from store 3 and take it to house 2 but do not enter mall 1;F(store_3 & F(p_package_2 & F(house_2 & pd))) & G!mall_1;['pd', 'house_2', 'store_3', 'p_package_2', 'mall_1']
Retrieve tin can 4 from table 4, place it in trash can 5, and ensure you never enter hallway 2;F(table_4 & F(p_tin_can_4 & F(pd & trash_can_5))) & G!hallway_2;['pd', 'table_4', 'p_tin_can_4', 'trash_can_5', 'hallway_2']
Collect tin can 4 from table 4, move it to trash can 5, while always staying out of hallway 2;F(table_4 & F(p_tin_can_4 & F(pd & trash_can_5))) & G!hallway_2;['pd', 'table_4', 'p_tin_can_4', 'trash_can_5', 'hallway_2']
Pick up tin can 4 from table 4 and put it in trash can 5 without entering hallway 2;F(table_4 & F(p_tin_can_4 & F(pd & trash_can_5))) & G!hallway_2;['pd', 'table_4', 'p_tin_can_4', 'trash_can_5', 'hallway_2']
Take tin can 4 from table 4, deposit it in trash can 5, and ensure you do not enter hallway 2;F(table_4 & F(p_tin_can_4 & F(pd & trash_can_5))) & G!hallway_2;['pd', 'table_4', 'p_tin_can_4', 'trash_can_5', 'hallway_2']
Pick up tin can 4 from table 4, deliver it to trash can 5, and avoid going into hallway 2;F(table_4 & F(p_tin_can_4 & F(pd & trash_can_5))) & G!hallway_2;['pd', 'table_4', 'p_tin_can_4', 'trash_can_5', 'hallway_2']
Pick up cone 2 from police station 1 and place it in intersection 2 without ever going to park 3.;F(police_station_1 & F(p_cone_2 & F(intersection_2 & pd))) & G!park_3;['pd', 'park_3', 'p_cone_2', 'police_station_1', 'intersection_2']
Reach street 5, and after that, go to building 2 and stay permanently;F(street_5 & F(building_2 & Gbuilding_2));['street_5', 'building_2']
Drop whatever you are holding and go to park 4 to remain there permanently;F(pd & F(park_4 & Gpark_4));['pd', 'park_4']
Ensure you put down your held item and then go to park 4, where you stay forever;F(pd & F(park_4 & Gpark_4));['pd', 'park_4']
Visit street 5 and afterward go to building 2 and remain there indefinitely;F(street_5 & F(building_2 & Gbuilding_2));['street_5', 'building_2']
Go to street 5 before heading to building 2 and staying there forever.;F(street_5 & F(building_2 & Gbuilding_2));['street_5', 'building_2']
Release any item in your possession and head to park 4, staying there permanently;F(pd & F(park_4 & Gpark_4));['pd', 'park_4']
Put down your current item and proceed to park 4, stay there indefinitely;F(pd & F(park_4 & Gpark_4));['pd', 'park_4']
Go to street 5 and then go to building 2 and stay there;F(street_5 & F(building_2 & Gbuilding_2));['street_5', 'building_2']
First go to street 5, then proceed to building 2 and stay there;F(street_5 & F(building_2 & Gbuilding_2));['street_5', 'building_2']
Put down what you have and go to park 4 and stay there;F(pd & F(park_4 & Gpark_4));['pd', 'park_4']
Reach garage 4 before going to building 3 and stay there indefinitely;F(garage_4 & F(building_3 & Gbuilding_3));['building_3', 'garage_4']
Eventually pick up crate 4 and then go to park 1 and then put down and remain in park 1;F(p_crate_4 & F(park_1 & pd & Gpark_1));['p_crate_4', 'pd', 'park_1']
Eventually (pick up crate 4 and eventually go to park 1 and put down the crate 4 and stay in park 1);F(p_crate_4 & F(park_1 & pd & Gpark_1));['p_crate_4', 'pd', 'park_1']
Pick up crate 4 and take it to park 1 and stay there;F(p_crate_4 & F(park_1 & pd & Gpark_1));['p_crate_4', 'pd', 'park_1']
Eventually, (pick up crate 4 and afterward go to park 1 and deliver it and remain in park 1 permanently);F(p_crate_4 & F(park_1 & pd & Gpark_1));['p_crate_4', 'pd', 'park_1']
Eventually (pick up crate 4, and after that, go to park 1, deliver the crate, and remain in park 1 indefinitely);F(p_crate_4 & F(park_1 & pd & Gpark_1));['p_crate_4', 'pd', 'park_1']
Take a picture of statue 2, but only after reaching park 5;F(park_5 & F(photo & statue_2));['photo', 'park_5', 'statue_2']
Go to park 7, and afterward, take a picture of monument 4;F(park_7 & F(monument_4 & photo));['photo', 'park_7', 'monument_4']
First go to park 5 and then make sure to photograph monument 3;F(park_5 & F(monument_3 & photo));['photo', 'park_5', 'monument_3']
Ensure luggage 2 is picked up and delivered to room 402;F(p_luggage_2 & F(pd & room_402));['pd', 'p_luggage_2', 'room_402']
Ensure you go to park 7 and then capture a photo of monument 4;F(park_7 & F(monument_4 & photo));['photo', 'park_7', 'monument_4']
Visit park 5 first and then take a photo of monument 3;F(park_5 & F(monument_3 & photo));['photo', 'park_5', 'monument_3']
Go to park 5 and then take a picture of monument 3;F(park_5 & F(monument_3 & photo));['photo', 'park_5', 'monument_3']
Pick up luggage 2 and move it to room 402;F(p_luggage_2 & F(pd & room_402));['pd', 'p_luggage_2', 'room_402']
Start by reaching park 5, and then proceed to take a photo of monument 3;F(park_5 & F(monument_3 & photo));['photo', 'park_5', 'monument_3']
Ensure you go to park 5 and afterward take a picture of monument 3;F(park_5 & F(monument_3 & photo));['photo', 'park_5', 'monument_3']
First go to park 7 and after that take a picture of monument 4;F(park_7 & F(monument_4 & photo));['photo', 'park_7', 'monument_4']
Go to park 7 and take a picture of monument 4;F(park_7 & F(monument_4 & photo));['photo', 'park_7', 'monument_4']
Go to street 5 and then go to house 4;F(street_5 & Fhouse_4);['street_5', 'house_4']
Put down anything you hold and go to parking lot 2;F(pd & Fparking_lot_2);['pd', 'parking_lot_2']
Reach street 5, and after that, go to house 4;F(street_5 & Fhouse_4);['street_5', 'house_4']
Release anything you are holding and proceed to parking lot 2;F(pd & Fparking_lot_2);['pd', 'parking_lot_2']
Ensure you go to street 5 before heading to house 4;F(street_5 & Fhouse_4);['street_5', 'house_4']
Drop any item you have and move to parking lot 2;F(pd & Fparking_lot_2);['pd', 'parking_lot_2']
Ensure you put down any held object before going to parking lot 2.;F(pd & Fparking_lot_2);['pd', 'parking_lot_2']
Go to street 5 and then make your way to house 4;F(street_5 & Fhouse_4);['street_5', 'house_4']
Visit street 5 first, and then proceed to house 4;F(street_5 & Fhouse_4);['street_5', 'house_4']
Put down whatever you are carrying and head to parking lot 2;F(pd & Fparking_lot_2);['pd', 'parking_lot_2']
Photograph statue 6 and then move to bench 4, staying there continuously;F(photo & statue_6 & F(bench_4 & Gbench_4));['photo', 'statue_6', 'bench_4']
Take a picture of arch 2 and then make sure to go to park 8 and stay there indefinitely;F(arch_2 & photo & F(park_8 & Gpark_8));['park_8', 'photo', 'arch_2']
Photograph building 4, and then go to parking lot 2, staying there continuously;F(building_4 & photo & F(parking_lot_2 & Gparking_lot_2));['photo', 'parking_lot_2', 'building_4']
Take a picture of building 4, then go to parking lot 2 and remain there permanently;F(building_4 & photo & F(parking_lot_2 & Gparking_lot_2));['photo', 'parking_lot_2', 'building_4']
Take a picture of statue 6 and then go to bench 4 and stay there;F(photo & statue_6 & F(bench_4 & Gbench_4));['photo', 'statue_6', 'bench_4']
take a picture of monument 3 and then ensure you reach pathway 8 and stay there indefinitely;F(monument_3 & photo & F(pathway_8 & Gpathway_8));['photo', 'monument_3', 'pathway_8']
Take a picture of arch 2, then go to park 8 and remain there permanently;F(arch_2 & photo & F(park_8 & Gpark_8));['park_8', 'photo', 'arch_2']
Take a picture of building 4 and then go to parking lot 2 and stay there;F(building_4 & photo & F(parking_lot_2 & Gparking_lot_2));['photo', 'parking_lot_2', 'building_4']
Take a picture of monument 3 and then proceed to pathway 8 and remain there;F(monument_3 & photo & F(pathway_8 & Gpathway_8));['photo', 'monument_3', 'pathway_8']
Take a photo of statue 6 and then go to bench 4 and remain there;F(photo & statue_6 & F(bench_4 & Gbench_4));['photo', 'statue_6', 'bench_4']
Take a picture of monument 3 and then go to pathway 8 and stay there;F(monument_3 & photo & F(pathway_8 & Gpathway_8));['photo', 'monument_3', 'pathway_8']
Take a picture of arch 2 and then go to park 8 and stay there;F(arch_2 & photo & F(park_8 & Gpark_8));['park_8', 'photo', 'arch_2']
Eventually(Ensure you capture a photo of monument 12 and stay there);F(monument_12 & photo & Gmonument_12);['photo', 'monument_12']
Eventually (take a picture of landmark 9 and stay at landmark 9 permanently);F(landmark_9 & photo & Glandmark_9);['photo', 'landmark_9']
Eventually (you need to go to landmark 9 to take a photo and stay there);F(landmark_9 & photo & Glandmark_9);['photo', 'landmark_9']
Eventually (take a picture at intersection 7 and remain there);F(intersection_7 & photo & Gintersection_7);['photo', 'intersection_7']
Reach landmark 9, capture an image, and remain there forever;F(landmark_9 & photo & Glandmark_9);['photo', 'landmark_9']
Go to bench 4, take a picture, and stay there;F(bench_4 & photo & Gbench_4);['photo', 'bench_4']
Make sure to go to bench 4, take a picture, and remain at that location;F(bench_4 & photo & Gbench_4);['photo', 'bench_4']
Eventually you will need to go to intersection 7 and take a picture there and remain at intersection 7 permanently;F(intersection_7 & photo & Gintersection_7);['photo', 'intersection_7']
Eventually(Take a picture of monument 12 and remain there permanently);F(monument_12 & photo & Gmonument_12);['photo', 'monument_12']
Eventually go to intersection 7 and take a photo while stay there;F(intersection_7 & photo & Gintersection_7);['photo', 'intersection_7']
Go to landmark 9 and take a picture and stay there;F(landmark_9 & photo & Glandmark_9);['photo', 'landmark_9']
Eventually, you need to visit bench 4, capture a photo, and stay there permanently;F(bench_4 & photo & Gbench_4);['photo', 'bench_4']
Go to parking lot 2 to collect dish 2;F(p_dish_2 & parking_lot_2);['p_dish_2', 'parking_lot_2']
Retrieve dish 2 by going to parking lot 2;F(p_dish_2 & parking_lot_2);['p_dish_2', 'parking_lot_2']
Capture an image of arch 1;F(arch_1 & photo);['photo', 'arch_1']
Take a picture of landmark 6;F(landmark_6 & photo);['photo', 'landmark_6']
Eventually go to house 2 and pick up trash can 2;F(house_2 & p_trash_can_2);['house_2', 'p_trash_can_2']
Ensure you reach statue 7 and take a picture;F(photo & statue_7);['photo', 'statue_7']
Go to statue 5 to take a picture;F(photo & statue_5);['photo', 'statue_5']
Go to statue 5 and capture an image there;F(photo & statue_5);['photo', 'statue_5']
Take a photograph of building 2.;F(building_2 & photo);['photo', 'building_2']
Go to statue 7 and take a picture;F(photo & statue_7);['photo', 'statue_7']
Snap a picture of landmark 6;F(landmark_6 & photo);['photo', 'landmark_6']
Make your way to house 2 and pick up trash can 2;F(house_2 & p_trash_can_2);['house_2', 'p_trash_can_2']
Eventually take a picture of monument 1, but avoid going to monument 1 until you have reached park 4;F(monument_1 & photo) & (!monument_1 U park_4);['photo', 'park_4', 'monument_1']
Avoid going to statue 2 until you arrive at park 5 and take a picture of it;F(photo & statue_2) & (!statue_2 U park_5);['photo', 'park_5', 'statue_2']
Take a picture of monument 1, but do not enter monument 1 until you reach park 4;F(monument_1 & photo) & (!monument_1 U park_4);['photo', 'park_4', 'monument_1']
Take a picture of statue 2 but do not go to statue 2 until you reach park 5;F(photo & statue_2) & (!statue_2 U park_5);['photo', 'park_5', 'statue_2']
Eventually you need to go to monument 1 to take a picture, but do not visit monument 1 until you arrive at park 4;F(monument_1 & photo) & (!monument_1 U park_4);['photo', 'park_4', 'monument_1']
Take a picture of monument 1 but do not go to monument 1 until you reach park 4;F(monument_1 & photo) & (!monument_1 U park_4);['photo', 'park_4', 'monument_1']
Eventually take a picture of statue 2, but avoid going to statue 2 until you reach park 5;F(photo & statue_2) & (!statue_2 U park_5);['photo', 'park_5', 'statue_2']
Do not enter statue 2 until you have reached park 5 and taken a picture;F(photo & statue_2) & (!statue_2 U park_5);['photo', 'park_5', 'statue_2']
Capture the image of monument 1 but refrain from entering monument until you have reached park 4;F(monument_1 & photo) & (!monument_1 U park_4);['photo', 'park_4', 'monument_1']
Collect bottle 3 from kitchen 2 without entering living room 1.;F(kitchen_2 & p_bottle_3) & G!living_room_1;['p_bottle_3', 'kitchen_2', 'living_room_1']
Go to hospital 3 and grab water bottle 4, as you ensure you never enter pharmacy 2;F(hospital_3 & p_bottle_4) & G!pharmacy_2;['p_bottle_4', 'hospital_3', 'pharmacy_2']
Go to kitchen 2 to grab bottle 3, staying away from living room 1;F(kitchen_2 & p_bottle_3) & G!living_room_1;['p_bottle_3', 'kitchen_2', 'living_room_1']
Go to hospital 3 and pick up water bottle 4 while never entering pharmacy 2;F(hospital_3 & p_bottle_4) & G!pharmacy_2;['p_bottle_4', 'hospital_3', 'pharmacy_2']
Pick up bottle 3 from kitchen 2 but do not enter living room 1;F(kitchen_2 & p_bottle_3) & G!living_room_1;['p_bottle_3', 'kitchen_2', 'living_room_1']
Take a photo of arch 4 at some point, but avoid entering park 2 at all times;F(arch_4 & photo) & G!park_2;['photo', 'park_2', 'arch_4']
Eventually you should take a picture of arch 4 while never entering park 2;F(arch_4 & photo) & G!park_2;['photo', 'park_2', 'arch_4']
Capture a photo of arch 4 but never go to park 2;F(arch_4 & photo) & G!park_2;['photo', 'park_2', 'arch_4']
Eventually Capture a photo of arch 4 but never go to park 2;F(arch_4 & photo) & G!park_2;['photo', 'park_2', 'arch_4']
Pick up bottle 3 in kitchen 2 and ensure you never enter living room 1;F(kitchen_2 & p_bottle_3) & G!living_room_1;['p_bottle_3', 'kitchen_2', 'living_room_1']
Retrieve water bottle 4 at hospital 3 while ensuring pharmacy 2 is not entered.;F(hospital_3 & p_bottle_4) & G!pharmacy_2;['p_bottle_4', 'hospital_3', 'pharmacy_2']
Visit hospital 3 to pick up water bottle 4, but avoid pharmacy 2;F(hospital_3 & p_bottle_4) & G!pharmacy_2;['p_bottle_4', 'hospital_3', 'pharmacy_2']
Ensure you go to statue 6 and capture a photo of it while you stay in park 5;F(photo & statue_6) & Gpark_5;['photo', 'statue_6', 'park_5']
Eventually visit statue 6 and take a picture of it while remaining in park 5;F(photo & statue_6) & Gpark_5;['photo', 'statue_6', 'park_5']
Go to statue 6, take its photograph, and ensure you continuously stay in park 5;F(photo & statue_6) & Gpark_5;['photo', 'statue_6', 'park_5']
Go to statue 6 and take a picture of it while you stay in park 5;F(photo & statue_6) & Gpark_5;['photo', 'statue_6', 'park_5']
Take a picture of statue 6 after reaching it, and make sure you stay within park 5;F(photo & statue_6) & Gpark_5;['photo', 'statue_6', 'park_5']
Go to street 2 and stay there;FGstreet_2;['street_2']
Go to house 5 and stay there;FGhouse_5;['house_5']
Make sure to visit house 5 and remain there afterward;FGhouse_5;['house_5']
Go to parking lot 5 and stay there forever.;FGparking_lot_5;['parking_lot_5']
Go to mall 5 and stay within its boundaries indefinitely;FGmall_5;['mall_5']
Visit mall 5 and do not leave after arriving;FGmall_5;['mall_5']
Reach intersection 5 and remain there indefinitely;FGintersection_5;['intersection_5']
Ensure you go to intersection 5 and remain in that location forever;FGintersection_5;['intersection_5']
Make sure to go to table 4 and remain there without leaving;FGtable_4;['table_4']
Go to house 5 at some point and continue staying there;FGhouse_5;['house_5']
Make sure to go to parking lot 3 and remain there without leaving;FGparking_lot_3;['parking_lot_3']
Go to park 8 and never leave;FGpark_8;['park_8']
Eventually go to building 9 and stay there permanently, but do not enter building 9 before reaching street 6;FGbuilding_9 & (!building_9 U street_6);['street_6', 'building_9']
Remain in building 9 permanently, but avoid entering building 9 until you reach street 6;FGbuilding_9 & (!building_9 U street_6);['street_6', 'building_9']
Eventually go to building 9 and remain there permanently, but do not enter building 9 before reaching street 6;FGbuilding_9 & (!building_9 U street_6);['street_6', 'building_9']
Eventually go to building 9 and remain there permanently, but do not enter building 9 until you have first reached street 6;FGbuilding_9 & (!building_9 U street_6);['street_6', 'building_9']
Stay in building 3, but only after reaching garage 3 first.;FGbuilding_3 & (!building_3 U garage_3);['building_3', 'garage_3']
Eventually go to building 3 and remain there permanently, but avoid entering building 3 until you have first reached garage 3;FGbuilding_3 & (!building_3 U garage_3);['building_3', 'garage_3']
Go to building 9 and stay there, but do not go to building 9 until you reach street 6;FGbuilding_9 & (!building_9 U street_6);['street_6', 'building_9']
Go to building 3 and stay there but do not go there until you reach garage 3;FGbuilding_3 & (!building_3 U garage_3);['building_3', 'garage_3']
Find your way to park 5;Fpark_5;['park_5']
Go and reach park 5;Fpark_5;['park_5']
Ensure you visit park 5;Fpark_5;['park_5']
Go to park 5;Fpark_5;['park_5']
Eventually go to park 5;Fpark_5;['park_5']
Go to section 3 at some point, but make sure you never enter hall 5;Fsection_3 & G!hall_5;['section_3', 'hall_5']
Visit street 5 while ensuring you never enter parking lot 2;Fstreet_5 & G!parking_lot_2;['street_5', 'parking_lot_2']
Ensure you eventually go to section 3 while avoiding hall 5 at all times;Fsection_3 & G!hall_5;['section_3', 'hall_5']
Go to section 3, but avoid entering hall 5;Fsection_3 & G!hall_5;['section_3', 'hall_5']
Eventually go to parking lot 2, while ensuring that the delivery process (pd) never occurs;Fparking_lot_2 & G!pd;['pd', 'parking_lot_2']
Visit parking lot 2 without putting anything down;Fparking_lot_2 & G!pd;['pd', 'parking_lot_2']
Go to street 5 and stay away from parking lot 2;Fstreet_5 & G!parking_lot_2;['street_5', 'parking_lot_2']
Go to parking lot 2, but never putting anything down;Fparking_lot_2 & G!pd;['pd', 'parking_lot_2']
Go to street 5 but avoid parking lot 2;Fstreet_5 & G!parking_lot_2;['street_5', 'parking_lot_2']
Go to parkinglot 2 while ensureing you do not place anything down.;Fparking_lot_2 & G!pd;['pd', 'parking_lot_2']
Eventually visit section 3 while refraining from entering hall 5 at any time;Fsection_3 & G!hall_5;['section_3', 'hall_5']
Reach street 5 without going through parking lot 2;Fstreet_5 & G!parking_lot_2;['street_5', 'parking_lot_2']
Never go to house 4 to pick up bottle 2;G!(house_4 & p_bottle_2);['house_4', 'p_bottle_2']
Always avoid: go to house 4 and pick up bottle 2 at any time;G!(house_4 & p_bottle_2);['house_4', 'p_bottle_2']
Always avoid going to hall 1 to pick up file 6;G!(hall_1 & p_file_6);['hall_1', 'p_file_6']
Never go to hall 1 to collect file 6 under any circumstances;G!(hall_1 & p_file_6);['hall_1', 'p_file_6']
Never ever pick up bottle 2 from house 4;G!(house_4 & p_bottle_2);['house_4', 'p_bottle_2']
Always refrain from visiting hall 1 for the purpose of picking up file 6 at all times;G!(hall_1 & p_file_6);['hall_1', 'p_file_6']
Never go to hall 1 to collect file 6 under any conditions;G!(hall_1 & p_file_6);['hall_1', 'p_file_6']
Never go to hall 1 to pick up file 6;G!(hall_1 & p_file_6);['hall_1', 'p_file_6']
Always avoid entering house 4 and getting bottle 2;G!(house_4 & p_bottle_2);['house_4', 'p_bottle_2']
Avoid visiting house 4 for the purpose of picking up bottle 2;G!(house_4 & p_bottle_2);['house_4', 'p_bottle_2']
Do not pick up cone 1 or cone 2 at any time;G!(p_cone_1 | p_cone_2);['p_cone_2', 'p_cone_1']
Make sure you never retrieve cone 1 or cone 2;G!(p_cone_1 | p_cone_2);['p_cone_2', 'p_cone_1']
Avoid going to streets 3 and 4 indefinitely;G!(street_3 | street_4);['street_4', 'street_3']
Ensure that streets 3 and 4 are never entered at any time;G!(street_3 | street_4);['street_4', 'street_3']
Never pick up cones 1 or 2;G!(p_cone_1 | p_cone_2);['p_cone_2', 'p_cone_1']
Avoid picking up both cone 1 and cone 2 indefinitely;G!(p_cone_1 | p_cone_2);['p_cone_2', 'p_cone_1']
Do not visit either street 3 or street 4 at any point;G!(street_3 | street_4);['street_4', 'street_3']
Never enter streets 3 and 4;G!(street_3 | street_4);['street_4', 'street_3']
Stay out of both street 3 and street 4 permanently;G!(street_3 | street_4);['street_4', 'street_3']
Ensure you never pick up either cone 1 or cone 2;G!(p_cone_1 | p_cone_2);['p_cone_2', 'p_cone_1']
Stay out of house 3 indefinitely;G!house_3;['house_3']
Ensure you never enter building 9;G!building_9;['building_9']
Avoid entering building 6 at all times;G!building_6;['building_6']
Never enter house 4;G!house_4;['house_4']
Never touch letter 8;G!p_letter_8;['p_letter_8']
Refrain from entering park 2 at all times;G!park_2;['park_2']
Never enter park 2;G!park_2;['park_2']
Refrain from entering park 5 throughout;G!park_5;['park_5']
Stay away from building 6 indefinitely;G!building_6;['building_6']
Refrain from collecting box 3 under all circumstances;G!p_box_3;['p_box_3']
Always avoid entering park 2;G!park_2;['park_2']
Do not go to park 5 at any time;G!park_5;['park_5']
Do not go to street 7 while you take package 3 from store 9 to house 1;G!street_7 & F(store_9 & F(p_package_3 & F(house_1 & pd)));['pd', 'store_9', 'house_1', 'p_package_3', 'street_7']
Avoid street 4 as you transport package 8 from store 7 to house 2;G!street_4 & F(store_7 & F(p_package_8 & F(house_2 & pd)));['pd', 'street_4', 'house_2', 'p_package_8', 'store_7']
Do not go to street 7 while collecting package 3 from store 9 and delivering it to house 1;G!street_7 & F(store_9 & F(p_package_3 & F(house_1 & pd)));['pd', 'store_9', 'house_1', 'p_package_3', 'street_7']
Avoid going to street 4 as you deliver package 8 from store 7 to house 2;G!street_4 & F(store_7 & F(p_package_8 & F(house_2 & pd)));['pd', 'street_4', 'house_2', 'p_package_8', 'store_7']
Always avoid going to street 7 while transporting package 3 from store 9 to house 1;G!street_7 & F(store_9 & F(p_package_3 & F(house_1 & pd)));['pd', 'store_9', 'house_1', 'p_package_3', 'street_7']
Ensure you do not enter street 4 while delivering package 8 from store 7 to house 2;G!street_4 & F(store_7 & F(p_package_8 & F(house_2 & pd)));['pd', 'street_4', 'house_2', 'p_package_8', 'store_7']
Refrain from visiting street 7 while delivering package 3 from store 9 to house 1;G!street_7 & F(store_9 & F(p_package_3 & F(house_1 & pd)));['pd', 'store_9', 'house_1', 'p_package_3', 'street_7']
While staying out of street 4, pickup package 8 from store 7 and deliver it to house 2;G!street_4 & F(store_7 & F(p_package_8 & F(house_2 & pd)));['pd', 'street_4', 'house_2', 'p_package_8', 'store_7']
Deliver package 8 from store 7 to house 2 without entering street 4;G!street_4 & F(store_7 & F(p_package_8 & F(house_2 & pd)));['pd', 'street_4', 'house_2', 'p_package_8', 'store_7']
Ensure you do not enter street 7 as you move package 3 from store 9 to house 1;G!street_7 & F(store_9 & F(p_package_3 & F(house_1 & pd)));['pd', 'store_9', 'house_1', 'p_package_3', 'street_7']
Avoid entering park 3 as you pick up cone 2 from police station 1 and deliver it to intersection 2.;G!park_3 & F(p_cone_2 & police_station_1 & F(intersection_2 & pd));['pd', 'park_3', 'p_cone_2', 'police_station_1', 'intersection_2']
Never enter park 3, and ensure that you eventually go to police station 1 and pick up cone 2 and then deliver it to intersection 2;G!park_3 & F(p_cone_2 & police_station_1 & F(intersection_2 & pd));['pd', 'park_3', 'p_cone_2', 'police_station_1', 'intersection_2']
Ensure you never enter park 3 while retrieving cone 2 from police station 1 and placing it in intersection 2.;G!park_3 & F(p_cone_2 & police_station_1 & F(intersection_2 & pd));['pd', 'park_3', 'p_cone_2', 'police_station_1', 'intersection_2']
While never entering park 3, Pick up cone 2 from police station 1 and place it in intersection 2.;G!park_3 & F(p_cone_2 & police_station_1 & F(intersection_2 & pd));['pd', 'park_3', 'p_cone_2', 'police_station_1', 'intersection_2']
Take a picture of car 1 while never entering street 6;G!street_6 & F(car_1 & photo);['photo', 'street_6', 'car_1']
Refrain from visiting street 5 while retrieving box 4 from house 2;G!street_5 & F(house_2 & p_box_4);['street_5', 'house_2', 'p_box_4']
Never approach building 2 while ensuring you retrieve letter 5 from office 6;G!building_2 & F(office_6 & p_letter_5);['office_6', 'building_2', 'p_letter_5']
Always stay away from parking lot 5 while ensuring you take a picture of car 3;G!parking_lot_5 & F(car_3 & photo);['photo', 'parking_lot_5', 'car_3']
Always refrain from entering building 2 as you collect letter 5 from office 6;G!building_2 & F(office_6 & p_letter_5);['office_6', 'building_2', 'p_letter_5']
Never enter street 6, and eventually take a picture of car 1;G!street_6 & F(car_1 & photo);['photo', 'street_6', 'car_1']
Avoid going to parking lot 5 as you take a picture of car 3;G!parking_lot_5 & F(car_3 & photo);['photo', 'parking_lot_5', 'car_3']
Never go to parking lot 5 as you capture a photo of car 3;G!parking_lot_5 & F(car_3 & photo);['photo', 'parking_lot_5', 'car_3']
Ensure you pick up box 4 from house 2 without ever going to street 5;G!street_5 & F(house_2 & p_box_4);['street_5', 'house_2', 'p_box_4']
Ensure you avoid park 3 while capturing a picture of monument 3;G!park_3 & F(monument_3 & photo);['photo', 'monument_3', 'park_3']
Do not go to park 3 as you take a picture of monument 3;G!park_3 & F(monument_3 & photo);['photo', 'monument_3', 'park_3']
Never go to street 5 as you pick up box 4 from house 2;G!street_5 & F(house_2 & p_box_4);['street_5', 'house_2', 'p_box_4']
Do not go to street 3 as you go to building 4;G!street_3 & Fbuilding_4;['street_3', 'building_4']
Avoid entering parking lot 8 as you go to street 5;G!parking_lot_8 & Fstreet_5;['street_5', 'parking_lot_8']
Ensure parking lot 8 is not visited while traveling to street 5;G!parking_lot_8 & Fstreet_5;['street_5', 'parking_lot_8']
Go to building 4 without ever visiting street 3;G!street_3 & Fbuilding_4;['street_3', 'building_4']
Avoid accessing parking lot 8 en route to street 5;G!parking_lot_8 & Fstreet_5;['street_5', 'parking_lot_8']
Avoid entering street 3 while ensuring you reach building 4;G!street_3 & Fbuilding_4;['street_3', 'building_4']
Never pass through parking lot 8 on your way to street 5;G!parking_lot_8 & Fstreet_5;['street_5', 'parking_lot_8']
Never enter parking lot 8 as you reach street 5;G!parking_lot_8 & Fstreet_5;['street_5', 'parking_lot_8']
Never enter street 3, and ensure that you eventually go to building 4;G!street_3 & Fbuilding_4;['street_3', 'building_4']
Ensure you never go to street 3 while traveling to building 4;G!street_3 & Fbuilding_4;['street_3', 'building_4']
Avoid parking lot 5 as you keep taking pictures of car 9;G!parking_lot_5 & GF(car_9 & photo);['photo', 'parking_lot_5', 'car_9']
Continuously avoid parking lot 5 while repeatedly taking pictures of car 9;G!parking_lot_5 & GF(car_9 & photo);['photo', 'parking_lot_5', 'car_9']
Ensure you never enter parking lot 5 while consistently capturing photos of car 9;G!parking_lot_5 & GF(car_9 & photo);['photo', 'parking_lot_5', 'car_9']
Never going to parking lot 5 as you keep photographing car 9;G!parking_lot_5 & GF(car_9 & photo);['photo', 'parking_lot_5', 'car_9']
Always stay away from parking lot 5 while persistently taking pictures of car 9;G!parking_lot_5 & GF(car_9 & photo);['photo', 'parking_lot_5', 'car_9']
Continuously transport crate 3 from warehouse 4 to mall 3;GF(warehouse_4 & F(p_crate_3 & F(mall_3 & pd)));['pd', 'warehouse_4', 'p_crate_3', 'mall_3']
Ensure you keep moving crate 3 from warehouse 4 to mall 3 over time;GF(warehouse_4 & F(p_crate_3 & F(mall_3 & pd)));['pd', 'warehouse_4', 'p_crate_3', 'mall_3']
Keep delivering crate 8 from mall 5 to office 6;GF(mall_5 & F(p_crate_8 & F(office_6 & pd)));['pd', 'mall_5', 'p_crate_8', 'office_6']
Keep delivering crate 1 from storage 4 to office 2 over and over;GF(storage_4 & F(p_crate_1 & F(office_2 & pd)));['pd', 'office_2', 'storage_4', 'p_crate_1']
Continuously transport crate 1 from storage 4 to office 2;GF(storage_4 & F(p_crate_1 & F(office_2 & pd)));['pd', 'office_2', 'storage_4', 'p_crate_1']
Continuously revisit warehouse 4 and each time ensure you pick up crate 3 and deliver it to mall 3;GF(warehouse_4 & F(p_crate_3 & F(mall_3 & pd)));['pd', 'warehouse_4', 'p_crate_3', 'mall_3']
Repeatedly move crate 1 from storage 4 to office 2;GF(storage_4 & F(p_crate_1 & F(office_2 & pd)));['pd', 'office_2', 'storage_4', 'p_crate_1']
Repeatedly pick up crate 3 from warehouse 4 and deliver it to mall 3;GF(warehouse_4 & F(p_crate_3 & F(mall_3 & pd)));['pd', 'warehouse_4', 'p_crate_3', 'mall_3']
Ensure you keep taking crate 1 from storage 4 to office 2 repeatedly;GF(storage_4 & F(p_crate_1 & F(office_2 & pd)));['pd', 'office_2', 'storage_4', 'p_crate_1']
Repeatedly take box 2 from store 4 and deliver it to hall 8;GF(store_4 & F(p_box_2 & F(hall_8 & pd)));['pd', 'store_4', 'p_box_2', 'hall_8']
Persistently taking crate 6 to building 5 after picking it up from store 2;GF(store_2 & F(p_crate_6 & F(building_5 & pd)));['pd', 'store_2', 'building_5', 'p_crate_6']
Keep retrieving crate 6 from store 2 and moving it to building 5;GF(store_2 & F(p_crate_6 & F(building_5 & pd)));['pd', 'store_2', 'building_5', 'p_crate_6']
Repeatedly take brochure 8 from table 2 to street 9 while consistently visiting charger 6;GF(table_2 & F(p_brochure_8 & F(pd & street_9))) & GFcharger_6;['pd', 'table_2', 'p_brochure_8', 'street_9', 'charger_6']
Keep taking crate 8 from warehouse 4 to store 8 while ensuring you frequently visit charger 2;GF(warehouse_4 & F(p_crate_8 & F(pd & store_8))) & GFcharger_2;['pd', 'store_8', 'p_crate_8', 'warehouse_4', 'charger_2']
Repeatedly move crate 8 from warehouse 4 to store 8 while making regular visits to charger 2;GF(warehouse_4 & F(p_crate_8 & F(pd & store_8))) & GFcharger_2;['pd', 'store_8', 'p_crate_8', 'warehouse_4', 'charger_2']
Keep transferring crate 4 from warehouse 3 to store 9 while periodically returning to charger 3;GF(warehouse_3 & F(p_crate_4 & F(pd & store_9))) & GFcharger_3;['warehouse_3', 'p_crate_4', 'pd', 'store_9', 'charger_3']
Keep taking crate 8 from warehouse 4 to store 8 and also keep visiting charger 2;GF(warehouse_4 & F(p_crate_8 & F(pd & store_8))) & GFcharger_2;['pd', 'store_8', 'p_crate_8', 'warehouse_4', 'charger_2']
Continuously deliver package 5 from warehouse 1 to store 5 while repeatedly going to charging station 5;GF(warehouse_1 & F(p_package_5 & F(pd & store_5))) & GFcharging_station_5;['pd', 'p_package_5', 'store_5', 'charging_station_5', 'warehouse_1']
Persistently take crate 4 from warehouse 3 to store 9 while consistently visiting charger 3;GF(warehouse_3 & F(p_crate_4 & F(pd & store_9))) & GFcharger_3;['warehouse_3', 'p_crate_4', 'pd', 'store_9', 'charger_3']
Ensure you repeatedly transport crate 4 from warehouse 3 to store 9, and also periodically visit charger 3;GF(warehouse_3 & F(p_crate_4 & F(pd & store_9))) & GFcharger_3;['warehouse_3', 'p_crate_4', 'pd', 'store_9', 'charger_3']
Persistently transfer brochure 8 from table 2 to street 9 while also continuously returning to charger 6;GF(table_2 & F(p_brochure_8 & F(pd & street_9))) & GFcharger_6;['pd', 'table_2', 'p_brochure_8', 'street_9', 'charger_6']
Continuously transport crate 8 from warehouse 4 to store 8 while repeatedly visiting charger 2;GF(warehouse_4 & F(p_crate_8 & F(pd & store_8))) & GFcharger_2;['pd', 'store_8', 'p_crate_8', 'warehouse_4', 'charger_2']
Keep taking crate 4 from warehouse 3 to store 9 while also periodically visiting charger 3;GF(warehouse_3 & F(p_crate_4 & F(pd & store_9))) & GFcharger_3;['warehouse_3', 'p_crate_4', 'pd', 'store_9', 'charger_3']
Repeatedly transport brochure 8 from table 2 to street 9 while repeatedly visiting charger 6;GF(table_2 & F(p_brochure_8 & F(pd & street_9))) & GFcharger_6;['pd', 'table_2', 'p_brochure_8', 'street_9', 'charger_6']
Ensure you repeatedly pick up trash can 4 from house 2;GF(house_2 & p_trash_can_4);['house_2', 'p_trash_can_4']
Ensure you repeatedly take a picture of intersection 4 over time;GF(intersection_4 & photo);['photo', 'intersection_4']
Ensure you regularly go to area 2 and take a picture;GF(area_2 & photo);['photo', 'area_2']
Keep taking a picture of landmark 21;GF(landmark_21 & photo);['photo', 'landmark_21']
Keep taking a picture of intersection 4;GF(intersection_4 & photo);['photo', 'intersection_4']
Keep going to area 2 and taking a picture;GF(area_2 & photo);['photo', 'area_2']
Keep capturing images of intersection 4 periodically;GF(intersection_4 & photo);['photo', 'intersection_4']
Persistently take pictures of street 3;GF(photo & street_3);['photo', 'street_3']
Continuously visit area 2 and take a picture each time;GF(area_2 & photo);['photo', 'area_2']
Keep returning to house 2 to collect trash can 4;GF(house_2 & p_trash_can_4);['house_2', 'p_trash_can_4']
Continuously take pictures of street 3;GF(photo & street_3);['photo', 'street_3']
Keep photographing street 3 at regular intervals;GF(photo & street_3);['photo', 'street_3']
Repeatedly capture photos of monument 8, but refrain from entering monument 8 until you get to park 4;GF(monument_8 & photo) & (!monument_8 U park_4);['photo', 'park_4', 'monument_8']
Keep photographing monument 8 while ensuring you do not visit monument 8 before reaching park 4;GF(monument_8 & photo) & (!monument_8 U park_4);['photo', 'park_4', 'monument_8']
Continuously take pictures of monument 8, but avoid going to monument 8 until you arrive at park 4;GF(monument_8 & photo) & (!monument_8 U park_4);['photo', 'park_4', 'monument_8']
Ensure you keep taking pictures of monument 8 while avoiding going to monument 8 until you have reached park 4;GF(monument_8 & photo) & (!monument_8 U park_4);['photo', 'park_4', 'monument_8']
Keep taking a picture of monument 8 but do not go to monument 8 until you reach park 4;GF(monument_8 & photo) & (!monument_8 U park_4);['photo', 'park_4', 'monument_8']
Ensure you persistently take pictures of car 1 while refraining from visiting parking lot 9 at all times;GF(car_1 & photo) & G!parking_lot_9;['photo', 'car_1', 'parking_lot_9']
Ensure you keep taking images of locality 7 and never enter park 3;GF(locality_7 & photo) & G!park_3;['photo', 'locality_7', 'park_3']
Continuously photographing car 1, ensuring you never go to parking lot 9;GF(car_1 & photo) & G!parking_lot_9;['photo', 'car_1', 'parking_lot_9']
Keep take pictures of car 1 while refraining from visiting parking lot 9;GF(car_1 & photo) & G!parking_lot_9;['photo', 'car_1', 'parking_lot_9']
Continuously take pictures of locality 7 while ensuring you never visit park 3;GF(locality_7 & photo) & G!park_3;['photo', 'locality_7', 'park_3']
Repeatedly photograph locality 7 while staying away from park 3 entirely;GF(locality_7 & photo) & G!park_3;['photo', 'locality_7', 'park_3']
Keep photographing car 1, ensuring you never enter parking lot 9;GF(car_1 & photo) & G!parking_lot_9;['photo', 'car_1', 'parking_lot_9']
Keep taking images of locality 7, while you never go to park 3;GF(locality_7 & photo) & G!park_3;['photo', 'locality_7', 'park_3']
Keep capturing images of locality 7, and avoid going to park 3 at all times;GF(locality_7 & photo) & G!park_3;['photo', 'locality_7', 'park_3']
Keep taking pictures of car 1 but never enter parking lot 9;GF(car_1 & photo) & G!parking_lot_9;['photo', 'car_1', 'parking_lot_9']
Keep capturing photos of area 9 while you also periodically taking ordnance 3 from camp 4 to camp 9;GF(area_9 & photo) & GF(camp_4 & F(p_ordnance_3 & F(camp_9 & pd)));['pd', 'photo', 'area_9', 'camp_4', 'p_ordnance_3', 'camp_9']
Persistently take pictures of area 9 while periodically delivering ordnance 3 from camp 4 to camp 9;GF(area_9 & photo) & GF(camp_4 & F(p_ordnance_3 & F(camp_9 & pd)));['pd', 'photo', 'area_9', 'camp_4', 'p_ordnance_3', 'camp_9']
Ensure you repeatedly photograph area 9 while regularly moving ordnance 3 from camp 4 to camp 9;GF(area_9 & photo) & GF(camp_4 & F(p_ordnance_3 & F(camp_9 & pd)));['pd', 'photo', 'area_9', 'camp_4', 'p_ordnance_3', 'camp_9']
Continuously take pictures of area 9 while periodically transporting ordnance 3 from camp 4 to camp 9;GF(area_9 & photo) & GF(camp_4 & F(p_ordnance_3 & F(camp_9 & pd)));['pd', 'photo', 'area_9', 'camp_4', 'p_ordnance_3', 'camp_9']
Keep taking a picture of area 9 while you also periodically take ordnance 3 from camp 4 to camp 9;GF(area_9 & photo) & GF(camp_4 & F(p_ordnance_3 & F(camp_9 & pd)));['pd', 'photo', 'area_9', 'camp_4', 'p_ordnance_3', 'camp_9']
Keep taking a picture of area 4 and also take a picture of area 3 periodically;GF(area_4 & photo) & GF(area_3 & photo);['area_3', 'photo', 'area_4']
Persistently taking a picture of area 4 and also take a photo of area 3 constantly;GF(area_4 & photo) & GF(area_3 & photo);['area_3', 'photo', 'area_4']
Persistently take pictures of area 4 while repeatedly capturing images of area 3;GF(area_4 & photo) & GF(area_3 & photo);['area_3', 'photo', 'area_4']
Ensure you keep photographing area 4 and regularly take pictures of area 3;GF(area_4 & photo) & GF(area_3 & photo);['area_3', 'photo', 'area_4']
Keep photographing area 4 at all times and periodically take pictures of area 3;GF(area_4 & photo) & GF(area_3 & photo);['area_3', 'photo', 'area_4']
Repeatedly capture photos of statue 4 while persistently returning to charger 4;GF(photo & statue_4) & GFcharger_4;['photo', 'charger_4', 'statue_4']
Continuously take pictures of building 5 while repeatedly visiting charger 4;GF(building_5 & photo) & GFcharger_4;['photo', 'building_5', 'charger_4']
Keep taking a picture of statue 4 and also keep visiting charger 4;GF(photo & statue_4) & GFcharger_4;['photo', 'charger_4', 'statue_4']
Keep taking a picture of building 5 while you also keep visiting charger 4;GF(building_5 & photo) & GFcharger_4;['photo', 'building_5', 'charger_4']
Ensure you keep capturing photos of area 51 while consistently revisiting charger 4;GF(area_51 & photo) & GFcharger_4;['photo', 'charger_4', 'area_51']
Ensure you continuously take pictures of statue 4 while regularly visiting charger 4;GF(photo & statue_4) & GFcharger_4;['photo', 'charger_4', 'statue_4']
Repeatedly take pictures of building 5 while also continuously returning to charger 4;GF(building_5 & photo) & GFcharger_4;['photo', 'building_5', 'charger_4']
Persistently take pictures of area 51 while maintaining regular visits to charger 4;GF(area_51 & photo) & GFcharger_4;['photo', 'charger_4', 'area_51']
Keep capturing photos of statue 4 and also keep returning to charger 4;GF(photo & statue_4) & GFcharger_4;['photo', 'charger_4', 'statue_4']
Ensure you keep capturing photos of building 5 while regularly revisiting charger 4;GF(building_5 & photo) & GFcharger_4;['photo', 'building_5', 'charger_4']
Continuously take a picture of area 51 while also repeatedly visiting charger 4;GF(area_51 & photo) & GFcharger_4;['photo', 'charger_4', 'area_51']
Repeatedly photograph area 51 while ensuring you also return to charger 4 regularly;GF(area_51 & photo) & GFcharger_4;['photo', 'charger_4', 'area_51']
Ensure area 5 is visited repeatedly over time;GFarea_5;['area_5']
Keep visiting building 5;GFbuilding_5;['building_5']
Continuusly revisit street 4 over time;GFstreet_4;['street_4']
Keep visiting street 5;GFstreet_5;['street_5']
Continuously visit area 5 at regular intervals;GFarea_5;['area_5']
Ensure you keep going to street 5 at regular intervals;GFstreet_5;['street_5']
Keep visiting area 5;GFarea_5;['area_5']
Continuously visit building 5 at regular intervals;GFbuilding_5;['building_5']
Keep returning to area 5 periodically;GFarea_5;['area_5']
Continuously return to street 5 over time.;GFstreet_5;['street_5']
Revisit street 5 periodically;GFstreet_5;['street_5']
Keep returning to building 5 periodically;GFbuilding_5;['building_5']
Visit parking lot 4 repeatedly while moving document 4 from car 5 to car 6;GFparking_lot_4 & F(car_5 & F(p_document_4 & F(car_6 & pd)));['pd', 'parking_lot_4', 'car_5', 'p_document_4', 'car_6']
Always eventually visit charger 1, and eventually (you go to house 4 and eventually pick up box 4 and then go to house 9 and put down);GFcharger_1 & F(house_4 & F(p_box_4 & F(house_9 & pd)));['pd', 'house_4', 'house_9', 'p_box_4', 'charger_1']
Continuously revisit charger 2, and (ensure that you eventually go to table 2, pick up plate 4, and deliver it to table 4);GFcharger_2 & F(table_2 & F(p_plate_4 & F(pd & table_4)));['pd', 'table_4', 'table_2', 'charger_2', 'p_plate_4']
Always eventually visit parking lot 4, and ensure that you eventually go to car 5, pick up document 4, and then go to car 6 and deliver it;GFparking_lot_4 & F(car_5 & F(p_document_4 & F(car_6 & pd)));['pd', 'parking_lot_4', 'car_5', 'p_document_4', 'car_6']
Keep returing to charger 2 while transporting plate 4 from table 2 to table 4;GFcharger_2 & F(table_2 & F(p_plate_4 & F(pd & table_4)));['pd', 'table_4', 'table_2', 'charger_2', 'p_plate_4']
Make sure to visit charger 1 repeatedly as you deliver box 4 from house 4 to house 9;GFcharger_1 & F(house_4 & F(box_4 & F(house_9 & pd)));['pd', 'house_4', 'house_9', 'charger_1', 'box_4']
Keep visiting parking lot 4 as you take document 4 from car 5 to car 6;GFparking_lot_4 & F(car_5 & F(p_document_4 & F(car_6 & pd)));['pd', 'parking_lot_4', 'car_5', 'p_document_4', 'car_6']
Keep visiting charger 1 as you take box 4 from house 4 to house 9;GFcharger_1 & F(house_4 & F(box_4 & F(house_9 & pd)));['pd', 'house_4', 'house_9', 'charger_1', 'box_4']
Ensure you keep returning to parking lot 4 as you move document 4 from car 5 to car 6;GFparking_lot_4 & F(car_5 & F(p_document_4 & F(car_6 & pd)));['pd', 'parking_lot_4', 'car_5', 'p_document_4', 'car_6']
Ensure you visit charger 2 regularly as you continue delivering plate 4 from table 2 to table 4;GFcharger_2 & F(table_2 & F(p_plate_4 & F(pd & table_4)));['pd', 'table_4', 'table_2', 'charger_2', 'p_plate_4']
Keep visiting charger 1 while transporting box 4 from house 4 to house 9;GFcharger_1 & F(house_4 & F(box_4 & F(house_9 & pd)));['pd', 'house_4', 'house_9', 'charger_1', 'box_4']
Keep visiting charger 2 and take plate 4 from table 2 to table 4;GFcharger_2 & F(table_2 & F(p_plate_4 & F(pd & table_4)));['pd', 'table_4', 'table_2', 'charger_2', 'p_plate_4']
Ensure you repeatedly return to intersection 4 while eventually reaching locality 9;GFintersection_4 & Flocality_9;['intersection_4', 'locality_9']
Ensure you visit car 3 repeatedly while making progress toward building 2;GFcar_3 & Fbuilding_2;['car_3', 'building_2']
Keep returning to car 3 as you work your way to building 2;GFcar_3 & Fbuilding_2;['car_3', 'building_2']
Persistently visit intersection 4 and make sure you go to locality 9 at some point;GFintersection_4 & Flocality_9;['intersection_4', 'locality_9']
Keep revisiting car 3 on your path to eventually reaching building 2;GFcar_3 & Fbuilding_2;['car_3', 'building_2']
Periodically visit car 3 while ensuring you eventually go to building 2;GFcar_3 & Fbuilding_2;['car_3', 'building_2']
Keep visiting intersection 4 as you go to locality 9;GFintersection_4 & Flocality_9;['intersection_4', 'locality_9']
Continuously revisit intersection 4 while ensuring you eventually go to locality 9;GFintersection_4 & Flocality_9;['intersection_4', 'locality_9']
Keep visiting car 3 on your way to building 2;GFcar_3 & Fbuilding_2;['car_3', 'building_2']
Keep visiting intersection 4 as you proceed to locality 9;GFintersection_4 & Flocality_9;['intersection_4', 'locality_9']
Always eventually return to charging station 9 while regularly taking crate 4 from warehouse 5 to mall 4;GFcharging_station_9 & GF(warehouse_5 & F(p_crate_4 & F(mall_4 & pd)));['p_crate_4', 'pd', 'warehouse_5', 'charging_station_9', 'mall_4']
Periodically visit charger 2 and repeatedly move plate 4 from table 2 to table 4;GFcharger_2 & GF(table_2 & F(p_plate_4 & F(pd & table_4)));['pd', 'table_4', 'table_2', 'charger_2', 'p_plate_4']
Keep returning to charging station 9 as you keep transporting crate 4 from warehouse 5 to mall 4;GFcharging_station_9 & GF(warehouse_5 & F(p_crate_4 & F(mall_4 & pd)));['p_crate_4', 'pd', 'warehouse_5', 'charging_station_9', 'mall_4']
Continuously cycle back to charger 9 while repeatedly transferring crate 2 from warehouse 8 to store 2;GFcharger_9 & GF(warehouse_8 & F(p_crate_2 & F(pd & store_2)));['pd', 'charger_9', 'warehouse_8', 'p_crate_2', 'store_2']
Keep visiting charger 9 as you keep taking crate 2 from warehouse 8 to store 2;GFcharger_9 & GF(warehouse_8 & F(p_crate_2 & F(pd & store_2)));['pd', 'charger_9', 'warehouse_8', 'p_crate_2', 'store_2']
Persistently return to charger 9 as you repeatedly move crate 2 from warehouse 8 to store 2;GFcharger_9 & GF(warehouse_8 & F(p_crate_2 & F(pd & store_2)));['pd', 'charger_9', 'warehouse_8', 'p_crate_2', 'store_2']
Keep visiting charging station 9 as you keep taking crate 4 from warehouse 5 to mall 4;GFcharging_station_9 & GF(warehouse_5 & F(p_crate_4 & F(mall_4 & pd)));['p_crate_4', 'pd', 'warehouse_5', 'charging_station_9', 'mall_4']
Always eventually visit charger 9 as you continuously taking crate 2 from warehouse 8 to store 2;GFcharger_9 & GF(warehouse_8 & F(p_crate_2 & F(pd & store_2)));['pd', 'charger_9', 'warehouse_8', 'p_crate_2', 'store_2']
Revisit charging station 5 periodically while repeatedly delivering package 5 from warehouse 1 to store 5;GFcharging_station_5 & GF(warehouse_1 & F(p_package_5 & F(pd & store_5)));['pd', 'p_package_5', 'store_5', 'charging_station_5', 'warehouse_1']
Ensure you keep revisiting charger 12 while periodically moving box 1 from house 5 to house 23;GFcharger_12 & GF(house_5 & F(p_box_1 & F(house_23 & pd)));['pd', 'house_5', 'p_box_1', 'charger_12', 'house_23']
Keep returing to charging station 5 as you repeatedly transport package 5 from warehouse 1 to store 5;GFcharger_5 & GF(warehouse_1 & F(p_package_5 & F(pd & store_5)));['pd', 'p_package_5', 'store_5', 'charger_5', 'warehouse_1']
Continuously eventually visit charging station 9 as you keep taking crate 4 from warehouse 5 to mall 4;GFcharging_station_9 & GF(warehouse_5 & F(p_crate_4 & F(mall_4 & pd)));['p_crate_4', 'pd', 'warehouse_5', 'charging_station_9', 'mall_4']
Keep visiting charger 4 while continuously taking pictures of area 5;GFcharger_4 & GF(area_5 & photo);['photo', 'area_5', 'charger_4']
Keep revisiting charger 6 as you regularly collect brochure 4 from table 4;GFcharger_6 & GF(p_brochure_4 & table_4);['table_4', 'charger_6', 'p_brochure_4']
Keep returning to charger 5 as you repeatedly take a picture of region 4;GFcharger_5 & GF(photo & region_4);['photo', 'charger_5', 'region_4']
Keep visiting charger 3 as you periodically take pictures of area 3;GFcharger_3 & GF(area_3 & photo);['charger_3', 'area_3', 'photo']
Continuously revisit charger 5, and also repeatedly take a picture in region 4;GFcharger_5 & GF(photo & region_4);['photo', 'charger_5', 'region_4']
Keep visiting charger 6 as you keep picking up brochure 4 from table 4;GFcharger_6 & GF(p_brochure_4 & table_4);['table_4', 'charger_6', 'p_brochure_4']
Keep visiting charger 5 as you keep taking a picture of region 4;GFcharger_5 & GF(photo & region_4);['photo', 'charger_5', 'region_4']
Persistently return to charger 3 as you consistently photograph area 3;GFcharger_3 & GF(area_3 & photo);['charger_3', 'area_3', 'photo']
Persistently return to charger 4 as you keep taking photo of area 5;GFcharger_4 & GF(area_5 & photo);['photo', 'area_5', 'charger_4']
keep revisiting charger 4 as you consistently photograph area 5;GFcharger_4 & GF(area_5 & photo);['photo', 'area_5', 'charger_4']
Keep visiting charger 4 while repeatedly taking pictures of area 5;GFcharger_4 & GF(area_5 & photo);['photo', 'area_5', 'charger_4']
Ensure you periodically visit charger 5 and repeatedly capture images of region 4;GFcharger_5 & GF(photo & region_4);['photo', 'charger_5', 'region_4']
Remain in area 5 at all times;Garea_5;['area_5']
Do not exit area 3 at any point;Garea_3;['area_3']
Remain in parking lot 9 at all times;Gparking_lot_9;['parking_lot_9']
Continuously being in locality 9;Glocality_9;['locality_9']
Stay in area 5;Garea_5;['area_5']
Stay within area 5 continuously;Garea_5;['area_5']
Staying in parking lot 9 at all times;Gparking_lot_9;['parking_lot_9']
Stay in locality 9;Glocality_9;['locality_9']
Always remain in street 8;Gstreet_8;['street_8']
Continuously stay in locality 9 without leaving;Glocality_9;['locality_9']
Always stay within the boundaries of area 3;Garea_3;['area_3']
Ensure you always stay within locality 9;Glocality_9;['locality_9']
Never leave locality 5 while transporting package 5 from office 3 to office 6;Glocality_5 & F(office_3 & F(p_package_5 & F(office_6 & pd)));['pd', 'office_3', 'p_package_5', 'office_6', 'locality_5']
Maintain your presence in locality 5 as you retrieve package 5 from office 3 and deliver it to office 6;Glocality_5 & F(office_3 & F(p_package_5 & F(office_6 & pd)));['pd', 'office_3', 'p_package_5', 'office_6', 'locality_5']
Stay within locality 7 at all times while taking letter 1 from office 4 to house 1;Glocality_7 & F(office_4 & F(p_letter_1 & F(house_1 & pd)));['pd', 'house_1', 'locality_7', 'office_4', 'p_letter_1']
Remain in locality 2 while transporting document 5 from office 4 to office 9;Glocality_2 & F(office_4 & F(p_document_5 & F(office_9 & pd)));['pd', 'office_4', 'locality_2', 'p_document_5', 'office_9']
Always stay within locality 5 as you move package 5 from office 3 to office 6;Glocality_5 & F(office_3 & F(p_package_5 & F(office_6 & pd)));['pd', 'office_3', 'p_package_5', 'office_6', 'locality_5']
Ensure you continuously stay in locality 7 as you move letter 1 from office 4 to house 1;Glocality_7 & F(office_4 & F(p_letter_1 & F(house_1 & pd)));['pd', 'house_1', 'locality_7', 'office_4', 'p_letter_1']
Continue staying in locality 2 as you collect document 5 from office 4 and take it to office 9;Glocality_2 & F(office_4 & F(p_document_5 & F(office_9 & pd)));['pd', 'office_4', 'locality_2', 'p_document_5', 'office_9']
Stay in locality 2 as you take document 5 from office 4 to office 9;Glocality_2 & F(office_4 & F(p_document_5 & F(office_9 & pd)));['pd', 'office_4', 'locality_2', 'p_document_5', 'office_9']
Always stay in locality 7 as you take letter 1 from office 4 to house 1;Glocality_7 & F(office_4 & F(p_letter_1 & F(house_1 & pd)));['pd', 'house_1', 'locality_7', 'office_4', 'p_letter_1']
Stay within locality 2 as you pick up document 5 from office 4 and deliver it to office 9;Glocality_2 & F(office_4 & F(p_document_5 & F(office_9 & pd)));['pd', 'office_4', 'locality_2', 'p_document_5', 'office_9']
Always be in locality 5 as you take package 5 from office 3 to office 6;Glocality_5 & F(office_3 & F(p_package_5 & F(office_6 & pd)));['pd', 'office_3', 'p_package_5', 'office_6', 'locality_5']
Always remain in locality 7 while transporting letter 1 from office 4 to house 1;Glocality_7 & F(office_4 & F(p_letter_1 & F(house_1 & pd)));['pd', 'house_1', 'locality_7', 'office_4', 'p_letter_1']
Stay in county 4 and keep taking package 4 from office 3 to office 8;Gcounty_4 & GF(office_3 & F(p_package_4 & F(office_8 & pd)));['pd', 'p_package_4', 'county_4', 'office_3', 'office_8']
Remain in county 4 and continuously transport package 4 from office 3 to office 8;Gcounty_4 & GF(office_3 & F(p_package_4 & F(office_8 & pd)));['pd', 'p_package_4', 'county_4', 'office_3', 'office_8']
Stay confined to county 4 as you repeatedly deliver package 4 from office 3 to office 8;Gcounty_4 & GF(office_3 & F(p_package_4 & F(office_8 & pd)));['pd', 'p_package_4', 'county_4', 'office_3', 'office_8']
Stay within county 4 while repeatedly taking package 4 from office 3 to office 8;Gcounty_4 & GF(office_3 & F(p_package_4 & F(office_8 & pd)));['pd', 'p_package_4', 'county_4', 'office_3', 'office_8']
Ensure you remain in county 4 and keep transferring package 4 from office 3 to office 8;Gcounty_4 & GF(office_3 & F(p_package_4 & F(office_8 & pd)));['pd', 'p_package_4', 'county_4', 'office_3', 'office_8']
Ensure you stay in street 5 at all times while repeatedly capturing photos of parking lot 4;Gstreet_5 & GF(parking_lot_4 & photo);['photo', 'street_5', 'parking_lot_4']
Always remain in street 5 while continuously taking pictures of parking lot 4;Gstreet_5 & GF(parking_lot_4 & photo);['photo', 'street_5', 'parking_lot_4']
Always stay in area 2 while repeatedly going to building 8 to take pictures;Garea_2 & GF(building_8 & photo);['photo', 'area_2', 'building_8']
Remain in area 2 as you continuously visit building 8 to capture photos;Garea_2 & GF(building_8 & photo);['photo', 'area_2', 'building_8']
Stay in area 2 as you keep goint to building 8 to take a picture;Garea_2 & GF(building_8 & photo);['photo', 'area_2', 'building_8']
Persistently stay within street 5 while regularly photographing parking lot 4;Gstreet_5 & GF(parking_lot_4 & photo);['photo', 'street_5', 'parking_lot_4']
Persistently stay in area 2 while regularly going to building 8 to photograph it;Garea_2 & GF(building_8 & photo);['photo', 'area_2', 'building_8']
Keep staying within street 5 while regularly photographing parking lot 4;Gstreet_5 & GF(parking_lot_4 & photo);['photo', 'street_5', 'parking_lot_4']
Ensure you stay within area 2 while repeatedly taking pictures at building 8;Garea_2 & GF(building_8 & photo);['photo', 'area_2', 'building_8']
Keep taking a picture of parking lot 4 while you always stay in street 5;Gstreet_5 & GF(parking_lot_4 & photo);['photo', 'street_5', 'parking_lot_4']
Do not leave building 4 until you have taken folder 3 from room 43 and delivered it to room 12;building_4 U (room_43 & F(p_folder_3 & F(pd & room_12)));['pd', 'building_4', 'room_43', 'p_folder_3', 'room_12']
Stay in building 9 until you take bottle 3 from room 2 to room 6;building_9 U (room_2 & F(p_bottle_3 & F(pd & room_6)));['pd', 'p_bottle_3', 'room_2', 'building_9', 'room_6']
Continue staying in locality 6 until you retrieve package 3 from store 8 and deliver it to house 5;locality_6 U (store_8 & F(p_package_3 & F(house_5 & pd)));['pd', 'locality_6', 'store_8', 'p_package_3', 'house_5']
Stay within area 5 until you collect package 8 from store 2 and transport it to house 9;area_5 U (store_2 & F(p_package_8 & F(house_9 & pd)));['pd', 'area_5', 'store_2', 'p_package_8', 'house_9']
Remain in building 9 until you pick up bottle 3 from room 2 and deliver it to room 6;building_9 U (room_2 & F(p_bottle_3 & F(pd & room_6)));['pd', 'p_bottle_3', 'room_2', 'building_9', 'room_6']
Stay in locality 6 until you transport package 3 from store 8 to house 5;locality_6 U (store_8 & F(p_package_3 & F(house_5 & pd)));['pd', 'locality_6', 'store_8', 'p_package_3', 'house_5']
Continue staying in building 9 until you pick up bottle 3 from room 2 and place it in room 6;building_9 U (room_2 & F(p_bottle_3 & F(pd & room_6)));['pd', 'p_bottle_3', 'room_2', 'building_9', 'room_6']
Remain in locality 6 until you take package 3 from store 8 and deliver it to house 5;locality_6 U (store_8 & F(p_package_3 & F(house_5 & pd)));['pd', 'locality_6', 'store_8', 'p_package_3', 'house_5']
Stay in area 5 until you take package 8 from store 2 to house 9;area_5 U (store_2 & F(p_package_8 & F(house_9 & pd)));['pd', 'area_5', 'store_2', 'p_package_8', 'house_9']
Remain in area 5 until you take package 8 from store 2 and deliver it to house 9;area_5 U (store_2 & F(p_package_8 & F(house_9 & pd)));['pd', 'area_5', 'store_2', 'p_package_8', 'house_9']
Stay in building 4 until you take folder 3 from room 43 to room 12;building_4 U (room_43 & F(p_folder_3 & F(pd & room_12)));['pd', 'building_4', 'room_43', 'p_folder_3', 'room_12']
Stay in building 4 while transportin gfolder 3 from room 43 to room 12;building_4 U (room_43 & F(p_folder_3 & F(pd & room_12)));['pd', 'building_4', 'room_43', 'p_folder_3', 'room_12']
Be in park 5 until you take a picture of monument 2 and then go to intersection 5 and stay there;park_5 U (monument_2 & photo & F(intersection_5 & Gintersection_5));['photo', 'park_5', 'intersection_5', 'monument_2']
Continue staying in park 8 until you take a picture of monument 2, and then go to bench 5 and remain there indefinitely;park_8 U (monument_2 & photo & F(bench_5 & Gbench_5));['park_8', 'photo', 'monument_2', 'bench_5']
You stay at park 8 until you take a photo of monument 2 and then reach bench 5 and stay there forever;park_8 U (monument_2 & photo & F(bench_5 & Gbench_5));['park_8', 'photo', 'monument_2', 'bench_5']
Stay in park 8 until you capture a photo of monument 2 and then proceed to bench 5 and remain there;park_8 U (monument_2 & photo & F(bench_5 & Gbench_5));['park_8', 'photo', 'monument_2', 'bench_5']
Stay in park 5 until you take a picture of monument 2 and then ensure you go to intersection 5 and stay;park_5 U (monument_2 & photo & F(intersection_5 & Gintersection_5));['photo', 'park_5', 'intersection_5', 'monument_2']
Remain within park 5 until you capture a photo of monument 2, then proceed to intersection 5 and stay there continuously;park_5 U (monument_2 & photo & F(intersection_5 & Gintersection_5));['photo', 'park_5', 'intersection_5', 'monument_2']
Stay in park 8 until you take a picture of monument 2 and then go to bench 5 and stay there;park_8 U (monument_2 & photo & F(bench_5 & Gbench_5));['park_8', 'photo', 'monument_2', 'bench_5']
Continue staying in park 5 until you photograph monument 2, and then move to intersection 5 and remain there;park_5 U (monument_2 & photo & F(intersection_5 & Gintersection_5));['photo', 'park_5', 'intersection_5', 'monument_2']
Remain in park 8 until you take a picture of monument 2 and then go to bench 5 and stay there permanently;park_8 U (monument_2 & photo & F(bench_5 & Gbench_5));['park_8', 'photo', 'monument_2', 'bench_5']
Stay in park 5 until you take a picture of monument 2 and afterward proceed to intersection 5 and remain there;park_5 U (monument_2 & photo & F(intersection_5 & Gintersection_5));['photo', 'park_5', 'intersection_5', 'monument_2']
Continue staying in parking lot 9 until you successfully photograph car 2;parking_lot_9 U (car_2 & photo);['photo', 'parking_lot_9', 'car_2']
Stay in parking lot 9 until a picture of car 2 was taken;parking_lot_9 U (car_2 & photo);['photo', 'parking_lot_9', 'car_2']
Stay in parking lot 9 until you take a picture of car 2;parking_lot_9 U (car_2 & photo);['photo', 'parking_lot_9', 'car_2']
Remain in parking lot 5 until you capture a picture of car 5;parking_lot_5 U (car_5 & photo);['photo', 'parking_lot_5', 'car_5']
Remain in parking lot 4 until you take a picture of car 5;parking_lot_4 U (car_5 & photo);['photo', 'parking_lot_4', 'car_5']
Stay in park 4 until you successfully take a picture of statue 9;park_4 U (photo & statue_9);['photo', 'park_4', 'statue_9']
Do not leave park 4 until you have taken a photograph of statue 9;park_4 U (photo & statue_9);['photo', 'park_4', 'statue_9']
You must stay in parking lot 5 until you finish taking a picture of car 5;parking_lot_5 U (car_5 & photo);['photo', 'parking_lot_5', 'car_5']
Remain in park 2 until you take a picture of monument 13;park_2 U (monument_13 & photo);['photo', 'park_2', 'monument_13']
Stay within park 4 until you capture a picture of statue 9;park_4 U (photo & statue_9);['photo', 'park_4', 'statue_9']
Continue staying in street 4 until you successfully photograph house 1;street_4 U (house_1 & photo);['photo', 'street_4', 'house_1']
Remain in parking lot 5 until you capture a photo of car 5;parking_lot_5 U (car_5 & photo);['photo', 'parking_lot_5', 'car_5']
Stay on street 6 until you reach intersection 8;street_6 U intersection_8;['street_6', 'intersection_8']
Stay in building 2 until you reach path 3;building_2 U path_3;['building_2', 'path_3']
Remain in house 4 till you arrive room 2;house_4 U room_2;['house_4', 'room_2']
Be in park 1 and continue to stay there until you get to table 3;park_1 U table_3;['park_1', 'table_3']
Remain in park 1 until you arrive at table 3;park_1 U table_3;['park_1', 'table_3']
Stay within park 1 until table 3 is reached;park_1 U table_3;['park_1', 'table_3']
Remain in building 2 until you arrive at path 3;building_2 U path_3;['building_2', 'path_3']
Be in parking lot 4 until you arrive at car 5.;parking_lot_4 U car_5;['parking_lot_4', 'car_5']
Stay in street 6 until you reach intersection 8;street_6 U intersection_8;['street_6', 'intersection_8']
Continue staying in street 6 until you successfully arrive at intersection 8;street_6 U intersection_8;['street_6', 'intersection_8']
Stay in house 4 until you reach room 2;house_4 U room_2;['house_4', 'room_2']
Stay in locality 3 until you reach office 4;locality_3 U office_4;['office_4', 'locality_3']
