Look for the giraffe should always hold, with at most a two-step grace period for recovery.;|||;!G!("search(giraffe)" & X"search(giraffe)");|||;['"search(giraffe)"']
Provide assistance to the safe_hostile should always hold, with at most a two-step grace period for recovery.;|||;!G!("deliver_aid(safe_hostile)" & X"deliver_aid(safe_hostile)");|||;['"deliver_aid(safe_hostile)"']
Stay away from the inactive_fire_source should always hold, with at most a two-step grace period for recovery.;|||;!G!("avoid(inactive_fire_source)" & X"avoid(inactive_fire_source)");|||;['"avoid(inactive_fire_source)"']
Deliver the handbag to the loading_dock should always hold, with at most a two-step grace period for recovery.;|||;!G!("deliver(handbag,loading_dock)" & X"deliver(handbag,loading_dock)");|||;['"deliver(handbag,loading_dock)"']
Locate the toothbrush should always hold, with at most a two-step grace period for recovery.;|||;!G!("search(toothbrush)" & X"search(toothbrush)");|||;['"search(toothbrush)"']
Begin recording the motorcycle on south_10th_street should always hold, with at most a two-step grace period for recovery.;|||;!G!("record(motorcycle,south_10th_street)" & X"record(motorcycle,south_10th_street)");|||;['"record(motorcycle,south_10th_street)"']
Take a picture of debris should always hold, with at most a two-step grace period for recovery.;|||;!G!("photo(debris)" & X"photo(debris)");|||;['"photo(debris)"']
Begin recording the collision on northwest_4th_street should always hold, with at most a two-step grace period for recovery.;|||;!G!("record(collision,northwest_4th_street)" & X"record(collision,northwest_4th_street)");|||;['"record(collision,northwest_4th_street)"']
Deliver aid to the injured_victim should always hold, with at most a two-step grace period for recovery.;|||;!G!("deliver_aid(injured_victim)" & X"deliver_aid(injured_victim)");|||;['"deliver_aid(injured_victim)"']
Find the cake should always hold, with at most a two-step grace period for recovery.;|||;!G!("search(cake)" & X"search(cake)");|||;['"search(cake)"']
Take a photo of the person on northwest_6th_street should always hold, with at most a two-step grace period for recovery.;|||;!G!("photo(person,northwest_6th_street)" & X"photo(person,northwest_6th_street)");|||;['"photo(person,northwest_6th_street)"']
Transport the chair to the loading_dock should always hold, with at most a two-step grace period for recovery.;|||;!G!("deliver(chair,loading_dock)" & X"deliver(chair,loading_dock)");|||;['"deliver(chair,loading_dock)"']
Photograph safe_person can only happen after returning home.;|||;!"photo(safe_person)" U go_home;|||;['go_home', '"photo(safe_person)"']
Update light_west yellow can only happen after change light_south green.;|||;!"change(light_west,yellow)" U "change(light_south,green)";|||;['"change(light_west,yellow)"', '"change(light_south,green)"']
Call for help can only happen after change light_east red.;|||;!get_help U "change(light_east,red)";|||;['get_help', '"change(light_east,red)"']
Record flood can only happen after calling for help.;|||;!"record(flood)" U get_help;|||;['get_help', '"record(flood)"']
Call for help can only happen after idleing.;|||;!get_help U idle;|||;['get_help', 'idle']
Communicate with the safe_hostile can only happen after requesting assistance.;|||;!"communicate(safe_hostile)" U get_help;|||;['get_help', '"communicate(safe_hostile)"']
Provide assistance to the injured_rescuer can only happen after calling for help.;|||;!"deliver_aid(injured_rescuer)" U get_help;|||;['get_help', '"deliver_aid(injured_rescuer)"']
Record debris can only happen after geting help.;|||;!"record(debris)" U get_help;|||;['get_help', '"record(debris)"']
Deliver the parking_meter to the loading_dock can only happen after picking up the baseball_bat.;|||;!"deliver(parking_meter,loading_dock)" U "pickup(baseball_bat)";|||;['"deliver(parking_meter,loading_dock)"', '"pickup(baseball_bat)"']
Take a picture of safe_rescuer can only happen after avoid the inactive_unstable_beam.;|||;!"photo(safe_rescuer)" U "avoid(inactive_unstable_beam)";|||;['"photo(safe_rescuer)"', '"avoid(inactive_unstable_beam)"']
Record the pedestrian on southwest_4th_avenue can only happen after photoing the car on south_8th_avenue.;|||;!"record(pedestrian,southwest_4th_avenue)" U "photo(car,south_8th_avenue)";|||;['"record(pedestrian,southwest_4th_avenue)"', '"photo(car,south_8th_avenue)"']
Photograph the person on northeast_4th_street can only happen after calling for help.;|||;!"photo(person,northeast_4th_street)" U get_help;|||;['get_help', '"photo(person,northeast_4th_street)"']
Take a photo of the vehicle on south_9th_street must hold until change light_west yellow does, or else photo the vehicle on south_9th_street holds forever.;|||;("photo(vehicle,south_9th_street)" U "change(light_west,yellow)") | G"photo(vehicle,south_9th_street)";|||;['"change(light_west,yellow)"', '"photo(vehicle,south_9th_street)"']
Take a photo of safe_victim must hold until staying away from the inactive_fire_source does, or else photo safe_victim holds forever.;|||;("photo(safe_victim)" U "avoid(inactive_fire_source)") | G"photo(safe_victim)";|||;['"photo(safe_victim)"', '"avoid(inactive_fire_source)"']
You must avoid the impending_debris must hold until deliver_aid the safe_hostile does, or else avoid the impending_debris holds forever.;|||;("avoid(impending_debris)" U "deliver_aid(safe_hostile)") | G"avoid(impending_debris)";|||;['"deliver_aid(safe_hostile)"', '"avoid(impending_debris)"']
Pick up the person must hold until calling for help does, or else pickup the person holds forever.;|||;("pickup(person)" U get_help) | G"pickup(person)";|||;['get_help', '"pickup(person)"']
Take a photo of flood must hold until talking to the injured_hostile does, or else photo flood holds forever.;|||;("photo(flood)" U "communicate(injured_hostile)") | G"photo(flood)";|||;['"photo(flood)"', '"communicate(injured_hostile)"']
Return home must hold until photo safe_victim does, or else go_home holds forever.;|||;(go_home U "photo(safe_victim)") | Ggo_home;|||;['"photo(safe_victim)"', 'go_home']
You must pickup the hair-drier must hold until picking up the zebra does, or else pickup the hair-drier holds forever.;|||;("pickup(hair-drier)" U "pickup(zebra)") | G"pickup(hair-drier)";|||;['"pickup(zebra)"', '"pickup(hair-drier)"']
Take a photo of safe_rescuer must hold until get_help does, or else photo safe_rescuer holds forever.;|||;("photo(safe_rescuer)" U get_help) | G"photo(safe_rescuer)";|||;['get_help', '"photo(safe_rescuer)"']
Return home must hold until avoid the active_debris does, or else go_home holds forever.;|||;(go_home U "avoid(active_debris)") | Ggo_home;|||;['go_home', '"avoid(active_debris)"']
Get help must hold until delivering the book to the shelf does, or else get_help holds forever.;|||;(get_help U "deliver(book,shelf)") | Gget_help;|||;['get_help', '"deliver(book,shelf)"']
Update light_south yellow must hold until recording the person on east_1st_avenue does, or else change light_south yellow holds forever.;|||;("change(light_south,yellow)" U "record(person,east_1st_avenue)") | G"change(light_south,yellow)";|||;['"change(light_south,yellow)"', '"record(person,east_1st_avenue)"']
The system must avoid the nearest_flood must hold until returning to base does, or else avoid the nearest_flood holds forever.;|||;("avoid(nearest_flood)" U go_home) | G"avoid(nearest_flood)";|||;['go_home', '"avoid(nearest_flood)"']
Our agent must eventually, avoid going back to base.;|||;F!go_home;|||;['go_home']
This controller must eventually, avoid begining recording the cyclist on northwest_2nd_avenue.;|||;F!"record(cyclist,northwest_2nd_avenue)";|||;['"record(cyclist,northwest_2nd_avenue)"']
The robot must eventually, avoid establishing communication with the injured_hostile.;|||;F!"communicate(injured_hostile)";|||;['"communicate(injured_hostile)"']
The system must eventually, avoid begining recording the cyclist on north_1st_street.;|||;F!"record(cyclist,north_1st_street)";|||;['"record(cyclist,north_1st_street)"']
You must eventually, avoid photoing gas_leak.;|||;F!"photo(gas_leak)";|||;['"photo(gas_leak)"']
The robot must eventually, avoid pickuping the carrot.;|||;F!"pickup(carrot)";|||;['"pickup(carrot)"']
The robot must eventually, avoid change light_east green.;|||;F!"change(light_east,green)";|||;['"change(light_east,green)"']
You must eventually, avoid change light_east red.;|||;F!"change(light_east,red)";|||;['"change(light_east,red)"']
The system must eventually, avoid searching the sports_ball.;|||;F!"search(sports_ball)";|||;['"search(sports_ball)"']
This controller must eventually, avoid photoing flood.;|||;F!"photo(flood)";|||;['"photo(flood)"']
This controller must eventually, avoid change light_north yellow.;|||;F!"change(light_north,yellow)";|||;['"change(light_north,yellow)"']
The system must eventually, avoid droping off the surfboard to the loading_dock.;|||;F!"deliver(surfboard,loading_dock)";|||;['"deliver(surfboard,loading_dock)"']
You must Eventually, both go_home and deliver_aid the injured_hostile hold simultaneously.;|||;F("deliver_aid(injured_hostile)" & go_home);|||;['go_home', '"deliver_aid(injured_hostile)"']
You must eventually get_help and pickup the cell_phone.;|||;F(get_help & "pickup(cell_phone)");|||;['get_help', '"pickup(cell_phone)"']
The robot must eventually deliver_aid the safe_hostile and go_home.;|||;F("deliver_aid(safe_hostile)" & go_home);|||;['go_home', '"deliver_aid(safe_hostile)"']
Our agent must eventually deliver the sports_ball to the shelf and idle.;|||;F("deliver(sports_ball,shelf)" & idle);|||;['idle', '"deliver(sports_ball,shelf)"']
You must Eventually, both photo fire_source and record injured_rescuer hold simultaneously.;|||;F("photo(fire_source)" & "record(injured_rescuer)");|||;['"record(injured_rescuer)"', '"photo(fire_source)"']
The system must Eventually, both idle and pickup the toaster hold simultaneously.;|||;F(idle & "pickup(toaster)");|||;['idle', '"pickup(toaster)"']
The system must eventually record the car on east_2nd_street and photo the pedestrian on southeast_4th_street.;|||;F("photo(pedestrian,southeast_4th_street)" & "record(car,east_2nd_street)");|||;['"photo(pedestrian,southeast_4th_street)"', '"record(car,east_2nd_street)"']
The robot must eventually search the sandwich and pickup the banana.;|||;F("pickup(banana)" & "search(sandwich)");|||;['"pickup(banana)"', '"search(sandwich)"']
The robot must Eventually, both get_help and pickup the tie hold simultaneously.;|||;F(get_help & "pickup(tie)");|||;['get_help', '"pickup(tie)"']
This controller must Eventually, both change light_east red and photo the car on west_2nd_street hold simultaneously.;|||;F("change(light_east,red)" & "photo(car,west_2nd_street)");|||;['"change(light_east,red)"', '"photo(car,west_2nd_street)"']
The system must eventually photo the cyclist on southwest_7th_street and record the cyclist on northwest_3rd_street.;|||;F("photo(cyclist,southwest_7th_street)" & "record(cyclist,northwest_3rd_street)");|||;['"photo(cyclist,southwest_7th_street)"', '"record(cyclist,northwest_3rd_street)"']
This controller must Eventually, both pickup the bear and idle hold simultaneously.;|||;F(idle & "pickup(bear)");|||;['idle', '"pickup(bear)"']
The robot must eventually search the bed or search the vase.;|||;F("search(bed)" | "search(vase)");|||;['"search(bed)"', '"search(vase)"']
The robot must eventually change light_west red or photo the vehicle on southwest_9th_street.;|||;F("change(light_west,red)" | "photo(vehicle,southwest_9th_street)");|||;['"change(light_west,red)"', '"photo(vehicle,southwest_9th_street)"']
The system must eventually idle or deliver the sandwich to the loading_dock.;|||;F("deliver(sandwich,loading_dock)" | idle);|||;['idle', '"deliver(sandwich,loading_dock)"']
You must eventually avoid the probable_gas_leak or photo unstable_beam.;|||;F("avoid(probable_gas_leak)" | "photo(unstable_beam)");|||;['"avoid(probable_gas_leak)"', '"photo(unstable_beam)"']
You must eventually record the collision on north_3rd_avenue or change light_south yellow.;|||;F("change(light_south,yellow)" | "record(collision,north_3rd_avenue)");|||;['"change(light_south,yellow)"', '"record(collision,north_3rd_avenue)"']
You must eventually deliver the toaster to the loading_dock or pickup the cell_phone.;|||;F("deliver(toaster,loading_dock)" | "pickup(cell_phone)");|||;['"pickup(cell_phone)"', '"deliver(toaster,loading_dock)"']
Our agent must eventually change light_east red or photo the pedestrian on northwest_4th_avenue.;|||;F("change(light_east,red)" | "photo(pedestrian,northwest_4th_avenue)");|||;['"change(light_east,red)"', '"photo(pedestrian,northwest_4th_avenue)"']
You must eventually change light_east green or record the person on northeast_6th_avenue.;|||;F("change(light_east,green)" | "record(person,northeast_6th_avenue)");|||;['"change(light_east,green)"', '"record(person,northeast_6th_avenue)"']
The system must eventually pickup the vase or pickup the tie.;|||;F("pickup(tie)" | "pickup(vase)");|||;['"pickup(vase)"', '"pickup(tie)"']
The system must eventually idle or search the teddy-bear.;|||;F(idle | "search(teddy-bear)");|||;['idle', '"search(teddy-bear)"']
The robot must eventually change light_north yellow or get_help.;|||;F("change(light_north,yellow)" | get_help);|||;['get_help', '"change(light_north,yellow)"']
The system must eventually get_help or change light_west red.;|||;F("change(light_west,red)" | get_help);|||;['get_help', '"change(light_west,red)"']
From some point onwards, photo the motorcycle on south_9th_street never occurs again.;|||;FG!"photo(motorcycle,south_9th_street)";|||;['"photo(motorcycle,south_9th_street)"']
From some point onwards, photo the pedestrian on south_3rd_street never occurs again.;|||;FG!"photo(pedestrian,south_3rd_street)";|||;['"photo(pedestrian,south_3rd_street)"']
From some point onwards, search the zebra never occurs again.;|||;FG!"search(zebra)";|||;['"search(zebra)"']
From some point onwards, search the bench never occurs again.;|||;FG!"search(bench)";|||;['"search(bench)"']
From some point onwards, search the cell_phone never occurs again.;|||;FG!"search(cell_phone)";|||;['"search(cell_phone)"']
From some point onwards, deliver the horse to the shelf never occurs again.;|||;FG!"deliver(horse,shelf)";|||;['"deliver(horse,shelf)"']
From some point onwards, record injured_rescuer never occurs again.;|||;FG!"record(injured_rescuer)";|||;['"record(injured_rescuer)"']
From some point onwards, record the collision on northwest_10th_street never occurs again.;|||;FG!"record(collision,northwest_10th_street)";|||;['"record(collision,northwest_10th_street)"']
From some point onwards, avoid the nearest_flood never occurs again.;|||;FG!"avoid(nearest_flood)";|||;['"avoid(nearest_flood)"']
From some point onwards, change light_east green never occurs again.;|||;FG!"change(light_east,green)";|||;['"change(light_east,green)"']
From some point onwards, search the giraffe never occurs again.;|||;FG!"search(giraffe)";|||;['"search(giraffe)"']
From some point onwards, record the car on northeast_4th_street never occurs again.;|||;FG!"record(car,northeast_4th_street)";|||;['"record(car,northeast_4th_street)"']
Take a picture of gas_leak and avoid the active gas_leak will each happen at some point.;|||;F"photo(gas_leak)" & F"avoid(active_gas_leak)";|||;['"photo(gas_leak)"', '"avoid(active_gas_leak)"']
Photograph injured_rescuer and avoid the impending_gas_leak will each happen at some point.;|||;F"photo(injured_rescuer)" & F"avoid(impending_gas_leak)";|||;['"avoid(impending_gas_leak)"', '"photo(injured_rescuer)"']
Take a video of the person on east_8th_street and change light_east green will each happen at some point.;|||;F"record(person,east_8th_street)" & F"change(light_east,green)";|||;['"record(person,east_8th_street)"', '"change(light_east,green)"']
Photograph the collision on north_9th_street and change light_north yellow will each happen at some point.;|||;F"photo(collision,north_9th_street)" & F"change(light_north,yellow)";|||;['"change(light_north,yellow)"', '"photo(collision,north_9th_street)"']
Establish communication with the injured_victim and go_home will each happen at some point.;|||;F"communicate(injured_victim)" & Fgo_home;|||;['"communicate(injured_victim)"', 'go_home']
Deliver the toilet to the loading_dock and deliver the banana to the shelf will each happen at some point.;|||;F"deliver(toilet,loading_dock)" & F"deliver(banana,shelf)";|||;['"deliver(banana,shelf)"', '"deliver(toilet,loading_dock)"']
Search for the bus and get_help will each happen at some point.;|||;F"search(bus)" & Fget_help;|||;['get_help', '"search(bus)"']
Begin recording injured_person and record flood will each happen at some point.;|||;F"record(injured_person)" & F"record(flood)";|||;['"record(injured_person)"', '"record(flood)"']
Go home and avoid the impending_debris will each happen at some point.;|||;Fgo_home & F"avoid(impending_debris)";|||;['go_home', '"avoid(impending_debris)"']
Deliver aid to the injured_hostile and photo injured_civilian will each happen at some point.;|||;F"deliver_aid(injured_hostile)" & F"photo(injured_civilian)";|||;['"deliver_aid(injured_hostile)"', '"photo(injured_civilian)"']
Request assistance and record gas_leak will each happen at some point.;|||;Fget_help & F"record(gas_leak)";|||;['get_help', '"record(gas_leak)"']
Record unstable_beam and photo safe_civilian will each happen at some point.;|||;F"record(unstable_beam)" & F"photo(safe_civilian)";|||;['"photo(safe_civilian)"', '"record(unstable_beam)"']
If deliver the sink to the loading_dock ever holds, pickup the scissors must have held beforehand.;|||;F"deliver(sink,loading_dock)" -> (!"deliver(sink,loading_dock)" U (!"deliver(sink,loading_dock)" & "pickup(scissors)"));|||;['"pickup(scissors)"', '"deliver(sink,loading_dock)"']
If deliver the book to the loading_dock ever holds, pickup the toothbrush must have held beforehand.;|||;F"deliver(book,loading_dock)" -> (!"deliver(book,loading_dock)" U (!"deliver(book,loading_dock)" & "pickup(toothbrush)"));|||;['"pickup(toothbrush)"', '"deliver(book,loading_dock)"']
If communicate the injured_rescuer ever holds, deliver_aid the injured_victim must have held beforehand.;|||;F"communicate(injured_rescuer)" -> (!"communicate(injured_rescuer)" U (!"communicate(injured_rescuer)" & "deliver_aid(injured_victim)"));|||;['"communicate(injured_rescuer)"', '"deliver_aid(injured_victim)"']
If avoid the active_unstable_beam ever holds, communicate the injured_rescuer must have held beforehand.;|||;F"avoid(active_unstable_beam)" -> (!"avoid(active_unstable_beam)" U (!"avoid(active_unstable_beam)" & "communicate(injured_rescuer)"));|||;['"communicate(injured_rescuer)"', '"avoid(active_unstable_beam)"']
If change light_west red ever holds, photo the cyclist on northwest_10th_street must have held beforehand.;|||;F"change(light_west,red)" -> (!"change(light_west,red)" U (!"change(light_west,red)" & "photo(cyclist,northwest_10th_street)"));|||;['"change(light_west,red)"', '"photo(cyclist,northwest_10th_street)"']
If record the cyclist on southeast_10th_avenue ever holds, record the motorcycle on southwest_4th_avenue must have held beforehand.;|||;F"record(cyclist,southeast_10th_avenue)" -> (!"record(cyclist,southeast_10th_avenue)" U (!"record(cyclist,southeast_10th_avenue)" & "record(motorcycle,southwest_4th_avenue)"));|||;['"record(motorcycle,southwest_4th_avenue)"', '"record(cyclist,southeast_10th_avenue)"']
If deliver the bird to the shelf ever holds, search the bench must have held beforehand.;|||;F"deliver(bird,shelf)" -> (!"deliver(bird,shelf)" U (!"deliver(bird,shelf)" & "search(bench)"));|||;['"search(bench)"', '"deliver(bird,shelf)"']
If photo the vehicle on north_2nd_avenue ever holds, record the vehicle on northwest_2nd_street must have held beforehand.;|||;F"photo(vehicle,north_2nd_avenue)" -> (!"photo(vehicle,north_2nd_avenue)" U (!"photo(vehicle,north_2nd_avenue)" & "record(vehicle,northwest_2nd_street)"));|||;['"photo(vehicle,north_2nd_avenue)"', '"record(vehicle,northwest_2nd_street)"']
If get_help ever holds, photo the jaywalker on southeast_4th_avenue must have held beforehand.;|||;Fget_help -> (!get_help U (!get_help & "photo(jaywalker,southeast_4th_avenue)"));|||;['get_help', '"photo(jaywalker,southeast_4th_avenue)"']
If get_help ever holds, photo the vehicle on south_3rd_street must have held beforehand.;|||;Fget_help -> (!get_help U (!get_help & "photo(vehicle,south_3rd_street)"));|||;['get_help', '"photo(vehicle,south_3rd_street)"']
If pickup the cell_phone ever holds, pickup the motorbike must have held beforehand.;|||;F"pickup(cell_phone)" -> (!"pickup(cell_phone)" U (!"pickup(cell_phone)" & "pickup(motorbike)"));|||;['"pickup(cell_phone)"', '"pickup(motorbike)"']
If deliver the cake to the loading_dock ever holds, search the cake must have held beforehand.;|||;F"deliver(cake,loading_dock)" -> (!"deliver(cake,loading_dock)" U (!"deliver(cake,loading_dock)" & "search(cake)"));|||;['"deliver(cake,loading_dock)"', '"search(cake)"']
If record safe_civilian ever holds, photo safe_civilian must have held beforehand.;|||;F"record(safe_civilian)" -> (!"record(safe_civilian)" U ("photo(safe_civilian)" & !"record(safe_civilian)"));|||;['"photo(safe_civilian)"', '"record(safe_civilian)"']
If pickup the laptop ever holds, deliver the boat to the loading_dock must have held beforehand.;|||;F"pickup(laptop)" -> (!"pickup(laptop)" U ("deliver(boat,loading_dock)" & !"pickup(laptop)"));|||;['"deliver(boat,loading_dock)"', '"pickup(laptop)"']
If record the car on west_1st_street ever holds, get_help must have held beforehand.;|||;F"record(car,west_1st_street)" -> (!"record(car,west_1st_street)" U (get_help & !"record(car,west_1st_street)"));|||;['get_help', '"record(car,west_1st_street)"']
If search the laptop ever holds, pickup the toaster must have held beforehand.;|||;F"search(laptop)" -> (!"search(laptop)" U ("pickup(toaster)" & !"search(laptop)"));|||;['"search(laptop)"', '"pickup(toaster)"']
If search the toothbrush ever holds, idle must have held beforehand.;|||;F"search(toothbrush)" -> (!"search(toothbrush)" U (idle & !"search(toothbrush)"));|||;['idle', '"search(toothbrush)"']
If avoid the probable_gas_leak ever holds, avoid the impending_flood must have held beforehand.;|||;F"avoid(probable_gas_leak)" -> (!"avoid(probable_gas_leak)" U ("avoid(impending_flood)" & !"avoid(probable_gas_leak)"));|||;['"avoid(probable_gas_leak)"', '"avoid(impending_flood)"']
If idle ever holds, deliver the zebra to the shelf must have held beforehand.;|||;Fidle -> (!idle U ("deliver(zebra,shelf)" & !idle));|||;['idle', '"deliver(zebra,shelf)"']
If get_help ever holds, deliver the tie to the loading_dock must have held beforehand.;|||;Fget_help -> (!get_help U ("deliver(tie,loading_dock)" & !get_help));|||;['get_help', '"deliver(tie,loading_dock)"']
If get_help ever holds, deliver the spoon to the shelf must have held beforehand.;|||;Fget_help -> (!get_help U ("deliver(spoon,shelf)" & !get_help));|||;['get_help', '"deliver(spoon,shelf)"']
If record the pedestrian on west_9th_street ever holds, get_help must have held beforehand.;|||;F"record(pedestrian,west_9th_street)" -> (!"record(pedestrian,west_9th_street)" U (get_help & !"record(pedestrian,west_9th_street)"));|||;['get_help', '"record(pedestrian,west_9th_street)"']
If photo the person on southeast_10th_avenue ever holds, get_help must have held beforehand.;|||;F"photo(person,southeast_10th_avenue)" -> (!"photo(person,southeast_10th_avenue)" U (get_help & !"photo(person,southeast_10th_avenue)"));|||;['get_help', '"photo(person,southeast_10th_avenue)"']
If pickup the aeroplane ever holds, get_help must have held beforehand.;|||;F"pickup(aeroplane)" -> (!"pickup(aeroplane)" U (get_help & !"pickup(aeroplane)"));|||;['get_help', '"pickup(aeroplane)"']
Get help and photo the pedestrian on east_9th_avenue are mutually exclusive at all times.;|||;G!(get_help & "photo(pedestrian,east_9th_avenue)");|||;['get_help', '"photo(pedestrian,east_9th_avenue)"']
Globally, it is not the case that both deliver_aid the safe_hostile and get_help hold simultaneously.;|||;G!("deliver_aid(safe_hostile)" & get_help);|||;['get_help', '"deliver_aid(safe_hostile)"']
Record fire_source and avoid the nearest_gas_leak are mutually exclusive at all times.;|||;G!("avoid(nearest_gas_leak)" & "record(fire_source)");|||;['"avoid(nearest_gas_leak)"', '"record(fire_source)"']
Look for the boat and get_help are mutually exclusive at all times.;|||;G!(get_help & "search(boat)");|||;['get_help', '"search(boat)"']
Globally, it is not the case that both avoid the active_gas_leak and record flood hold simultaneously.;|||;G!("avoid(active_gas_leak)" & "record(flood)");|||;['"record(flood)"', '"avoid(active_gas_leak)"']
Record the cyclist on east_8th_avenue and get_help are mutually exclusive at all times.;|||;G!(get_help & "record(cyclist,east_8th_avenue)");|||;['get_help', '"record(cyclist,east_8th_avenue)"']
Globally, it is not the case that both photo the pedestrian on east_10th_avenue and change light_north red hold simultaneously.;|||;G!("change(light_north,red)" & "photo(pedestrian,east_10th_avenue)");|||;['"change(light_north,red)"', '"photo(pedestrian,east_10th_avenue)"']
Set light_north yellow and get_help are mutually exclusive at all times.;|||;G!("change(light_north,yellow)" & get_help);|||;['get_help', '"change(light_north,yellow)"']
Globally, it is not the case that both pickup the giraffe and get_help hold simultaneously.;|||;G!(get_help & "pickup(giraffe)");|||;['get_help', '"pickup(giraffe)"']
Drop off the truck to the shelf and get_help are mutually exclusive at all times.;|||;G!("deliver(truck,shelf)" & get_help);|||;['get_help', '"deliver(truck,shelf)"']
Globally, it is not the case that both go_home and communicate the injured_hostile hold simultaneously.;|||;G!("communicate(injured_hostile)" & go_home);|||;['go_home', '"communicate(injured_hostile)"']
Globally, it is not the case that both record the jaywalker on northwest_6th_street and record the pedestrian on south_8th_avenue hold simultaneously.;|||;G!("record(jaywalker,northwest_6th_street)" & "record(pedestrian,south_8th_avenue)");|||;['"record(jaywalker,northwest_6th_street)"', '"record(pedestrian,south_8th_avenue)"']
Photograph the pedestrian on east_1st_street and photo the cyclist on southeast_7th_street never coincide, yet one of them is always true.;|||;G!("photo(cyclist,southeast_7th_street)" & "photo(pedestrian,east_1st_street)") & G("photo(cyclist,southeast_7th_street)" | "photo(pedestrian,east_1st_street)");|||;['"photo(cyclist,southeast_7th_street)"', '"photo(pedestrian,east_1st_street)"']
Take a picture of safe_person and record gas_leak never coincide, yet one of them is always true.;|||;G!("photo(safe_person)" & "record(gas_leak)") & G("photo(safe_person)" | "record(gas_leak)");|||;['"record(gas_leak)"', '"photo(safe_person)"']
Wait and search the teddy-bear never coincide, yet one of them is always true.;|||;G!(idle & "search(teddy-bear)") & G(idle | "search(teddy-bear)");|||;['idle', '"search(teddy-bear)"']
Take a photo of the cyclist on west_9th_street and record the vehicle on south_5th_avenue never coincide, yet one of them is always true.;|||;G!("photo(cyclist,west_9th_street)" & "record(vehicle,south_5th_avenue)") & G("photo(cyclist,west_9th_street)" | "record(vehicle,south_5th_avenue)");|||;['"photo(cyclist,west_9th_street)"', '"record(vehicle,south_5th_avenue)"']
Deliver the toilet to the shelf and search the donut never coincide, yet one of them is always true.;|||;G!("deliver(toilet,shelf)" & "search(donut)") & G("deliver(toilet,shelf)" | "search(donut)");|||;['"search(donut)"', '"deliver(toilet,shelf)"']
Stand by and get_help never coincide, yet one of them is always true.;|||;G!(get_help & idle) & G(get_help | idle);|||;['get_help', 'idle']
Update light_east yellow and record the person on southeast_2nd_avenue never coincide, yet one of them is always true.;|||;G!("change(light_east,yellow)" & "record(person,southeast_2nd_avenue)") & G("change(light_east,yellow)" | "record(person,southeast_2nd_avenue)");|||;['"change(light_east,yellow)"', '"record(person,southeast_2nd_avenue)"']
Get help and photo unstable_beam never coincide, yet one of them is always true.;|||;G!(get_help & "photo(unstable_beam)") & G(get_help | "photo(unstable_beam)");|||;['get_help', '"photo(unstable_beam)"']
Drop off the toothbrush to the loading_dock and deliver the baseball_glove to the shelf never coincide, yet one of them is always true.;|||;G!("deliver(baseball_glove,shelf)" & "deliver(toothbrush,loading_dock)") & G("deliver(baseball_glove,shelf)" | "deliver(toothbrush,loading_dock)");|||;['"deliver(toothbrush,loading_dock)"', '"deliver(baseball_glove,shelf)"']
Call for help and record debris never coincide, yet one of them is always true.;|||;G!(get_help & "record(debris)") & G(get_help | "record(debris)");|||;['get_help', '"record(debris)"']
Set light_west green and get_help never coincide, yet one of them is always true.;|||;G!("change(light_west,green)" & get_help) & G("change(light_west,green)" | get_help);|||;['get_help', '"change(light_west,green)"']
Take a picture of the pedestrian on northwest_7th_street and record the pedestrian on southwest_4th_street never coincide, yet one of them is always true.;|||;G!("photo(pedestrian,northwest_7th_street)" & "record(pedestrian,southwest_4th_street)") & G("photo(pedestrian,northwest_7th_street)" | "record(pedestrian,southwest_4th_street)");|||;['"record(pedestrian,southwest_4th_street)"', '"photo(pedestrian,northwest_7th_street)"']
Our agent must always avoid pickuping the remote.;|||;G!"pickup(remote)";|||;['"pickup(remote)"']
You must always avoid photoing the vehicle on east_1st_avenue.;|||;G!"photo(vehicle,east_1st_avenue)";|||;['"photo(vehicle,east_1st_avenue)"']
The robot must always avoid pickup the boat.;|||;G!"pickup(boat)";|||;['"pickup(boat)"']
Our agent must always avoid delivering aid to the safe_rescuer.;|||;G!"deliver_aid(safe_rescuer)";|||;['"deliver_aid(safe_rescuer)"']
Our agent must always avoid photoing the motorcycle on north_5th_street.;|||;G!"photo(motorcycle,north_5th_street)";|||;['"photo(motorcycle,north_5th_street)"']
You must always avoid returning home.;|||;G!go_home;|||;['go_home']
Our agent must always avoid pickuping the mouse.;|||;G!"pickup(mouse)";|||;['"pickup(mouse)"']
The robot must always avoid searching for the baseball_glove.;|||;G!"search(baseball_glove)";|||;['"search(baseball_glove)"']
You must always avoid pickuping the aeroplane.;|||;G!"pickup(aeroplane)";|||;['"pickup(aeroplane)"']
The robot must always avoid picking up the horse.;|||;G!"pickup(horse)";|||;['"pickup(horse)"']
This controller must always avoid recording gas_leak.;|||;G!"record(gas_leak)";|||;['"record(gas_leak)"']
The system must always avoid photoing the cyclist on east_1st_street.;|||;G!"photo(cyclist,east_1st_street)";|||;['"photo(cyclist,east_1st_street)"']
Whenever neither pickup the truck nor get_help holds, search the banana eventually holds.;|||;G(!(get_help & "pickup(truck)") -> F"search(banana)");|||;['get_help', '"pickup(truck)"', '"search(banana)"']
Whenever neither deliver_aid the injured_hostile nor get_help holds, communicate the safe_rescuer eventually holds.;|||;G(!("deliver_aid(injured_hostile)" & get_help) -> F"communicate(safe_rescuer)");|||;['get_help', '"deliver_aid(injured_hostile)"', '"communicate(safe_rescuer)"']
Whenever neither communicate the safe_victim nor go_home holds, get_help eventually holds.;|||;G(!("communicate(safe_victim)" & go_home) -> Fget_help);|||;['get_help', 'go_home', '"communicate(safe_victim)"']
Whenever neither record unstable_beam nor go_home holds, communicate the safe_rescuer eventually holds.;|||;G(!(go_home & "record(unstable_beam)") -> F"communicate(safe_rescuer)");|||;['go_home', '"communicate(safe_rescuer)"', '"record(unstable_beam)"']
Whenever neither change light_south red nor record the pedestrian on southeast_10th_street holds, change light_west green eventually holds.;|||;G(!("change(light_south,red)" & "record(pedestrian,southeast_10th_street)") -> F"change(light_west,green)");|||;['"change(light_south,red)"', '"change(light_west,green)"', '"record(pedestrian,southeast_10th_street)"']
Whenever neither get_help nor photo the vehicle on northeast_6th_street holds, change light_east yellow eventually holds.;|||;G(!(get_help & "photo(vehicle,northeast_6th_street)") -> F"change(light_east,yellow)");|||;['get_help', '"change(light_east,yellow)"', '"photo(vehicle,northeast_6th_street)"']
Whenever neither photo the pedestrian on southwest_4th_avenue nor record the collision on north_8th_street holds, get_help eventually holds.;|||;G(!("photo(pedestrian,southwest_4th_avenue)" & "record(collision,north_8th_street)") -> Fget_help);|||;['get_help', '"record(collision,north_8th_street)"', '"photo(pedestrian,southwest_4th_avenue)"']
Whenever neither deliver_aid the injured_rescuer nor communicate the injured_hostile holds, get_help eventually holds.;|||;G(!("communicate(injured_hostile)" & "deliver_aid(injured_rescuer)") -> Fget_help);|||;['get_help', '"deliver_aid(injured_rescuer)"', '"communicate(injured_hostile)"']
Whenever neither deliver_aid the injured_rescuer nor deliver_aid the safe_rescuer holds, avoid the inactive_unstable_beam eventually holds.;|||;G(!("deliver_aid(injured_rescuer)" & "deliver_aid(safe_rescuer)") -> F"avoid(inactive_unstable_beam)");|||;['"deliver_aid(injured_rescuer)"', '"deliver_aid(safe_rescuer)"', '"avoid(inactive_unstable_beam)"']
Whenever neither go_home nor photo flood holds, deliver_aid the safe_hostile eventually holds.;|||;G(!(go_home & "photo(flood)") -> F"deliver_aid(safe_hostile)");|||;['go_home', '"deliver_aid(safe_hostile)"', '"photo(flood)"']
Whenever neither idle nor search the bowl holds, deliver the skateboard to the loading_dock eventually holds.;|||;G(!(idle & "search(bowl)") -> F"deliver(skateboard,loading_dock)");|||;['idle', '"search(bowl)"', '"deliver(skateboard,loading_dock)"']
Whenever neither change light_east green nor get_help holds, record the motorcycle on southeast_2nd_avenue eventually holds.;|||;G(!("change(light_east,green)" & get_help) -> F"record(motorcycle,southeast_2nd_avenue)");|||;['get_help', '"change(light_east,green)"', '"record(motorcycle,southeast_2nd_avenue)"']
If deliver_aid the safe_rescuer holds and communicate the safe_victim holds next, then communicate the injured_hostile holds in the step after that.;|||;G(("deliver_aid(safe_rescuer)" & X"communicate(safe_victim)") -> XX"communicate(injured_hostile)");|||;['"communicate(safe_victim)"', '"deliver_aid(safe_rescuer)"', '"communicate(injured_hostile)"']
If get_help holds and pickup the umbrella holds next, then pickup the bear holds in the step after that.;|||;G((get_help & X"pickup(umbrella)") -> XX"pickup(bear)");|||;['get_help', '"pickup(bear)"', '"pickup(umbrella)"']
If photo the cyclist on north_7th_avenue holds and photo the motorcycle on southwest_4th_avenue holds next, then get_help holds in the step after that.;|||;G(("photo(cyclist,north_7th_avenue)" & X"photo(motorcycle,southwest_4th_avenue)") -> XXget_help);|||;['get_help', '"photo(cyclist,north_7th_avenue)"', '"photo(motorcycle,southwest_4th_avenue)"']
If get_help holds and pickup the teddy-bear holds next, then pickup the spoon holds in the step after that.;|||;G((get_help & X"pickup(teddy-bear)") -> XX"pickup(spoon)");|||;['get_help', '"pickup(spoon)"', '"pickup(teddy-bear)"']
If photo injured_rescuer holds and record flood holds next, then communicate the injured_rescuer holds in the step after that.;|||;G(("photo(injured_rescuer)" & X"record(flood)") -> XX"communicate(injured_rescuer)");|||;['"communicate(injured_rescuer)"', '"record(flood)"', '"photo(injured_rescuer)"']
If communicate the injured_victim holds and communicate the injured_hostile holds next, then communicate the safe_hostile holds in the step after that.;|||;G(("communicate(injured_victim)" & X"communicate(injured_hostile)") -> XX"communicate(safe_hostile)");|||;['"communicate(injured_victim)"', '"communicate(injured_hostile)"', '"communicate(safe_hostile)"']
If deliver the orange to the shelf holds and deliver the bear to the loading_dock holds next, then pickup the surfboard holds in the step after that.;|||;G(("deliver(orange,shelf)" & X"deliver(bear,loading_dock)") -> XX"pickup(surfboard)");|||;['"deliver(orange,shelf)"', '"deliver(bear,loading_dock)"', '"pickup(surfboard)"']
If photo safe_rescuer holds and go_home holds next, then avoid the inactive_fire_source holds in the step after that.;|||;G(("photo(safe_rescuer)" & Xgo_home) -> XX"avoid(inactive_fire_source)");|||;['go_home', '"photo(safe_rescuer)"', '"avoid(inactive_fire_source)"']
If record the vehicle on northwest_3rd_street holds and change light_east red holds next, then record the pedestrian on northwest_6th_avenue holds in the step after that.;|||;G(("record(vehicle,northwest_3rd_street)" & X"change(light_east,red)") -> XX"record(pedestrian,northwest_6th_avenue)");|||;['"change(light_east,red)"', '"record(pedestrian,northwest_6th_avenue)"', '"record(vehicle,northwest_3rd_street)"']
If avoid the impending_fire_source holds and communicate the safe_victim holds next, then communicate the injured_victim holds in the step after that.;|||;G(("avoid(impending_fire_source)" & X"communicate(safe_victim)") -> XX"communicate(injured_victim)");|||;['"communicate(injured_victim)"', '"communicate(safe_victim)"', '"avoid(impending_fire_source)"']
If get_help holds and change light_west red holds next, then photo the cyclist on southeast_7th_avenue holds in the step after that.;|||;G((get_help & X"change(light_west,red)") -> XX"photo(cyclist,southeast_7th_avenue)");|||;['get_help', '"change(light_west,red)"', '"photo(cyclist,southeast_7th_avenue)"']
If idle holds and deliver the carrot to the shelf holds next, then search the sheep holds in the step after that.;|||;G((idle & X"deliver(carrot,shelf)") -> XX"search(sheep)");|||;['idle', '"search(sheep)"', '"deliver(carrot,shelf)"']
Whenever get_help and pickup the bicycle are equal, pickup the bicycle and pickup the clock are equal as well.;|||;G((get_help <-> "pickup(bicycle)") -> ("pickup(bicycle)" <-> "pickup(clock)"));|||;['get_help', '"pickup(clock)"', '"pickup(bicycle)"']
Whenever record unsafe_victim and communicate the injured_hostile are equal, communicate the injured_hostile and communicate the injured_rescuer are equal as well.;|||;G(("communicate(injured_hostile)" <-> "record(unsafe_victim)") -> ("communicate(injured_hostile)" <-> "communicate(injured_rescuer)"));|||;['"communicate(injured_rescuer)"', '"communicate(injured_hostile)"', '"record(unsafe_victim)"']
Whenever search the frisbee and pickup the train are equal, pickup the train and idle are equal as well.;|||;G(("pickup(train)" <-> "search(frisbee)") -> (idle <-> "pickup(train)"));|||;['idle', '"search(frisbee)"', '"pickup(train)"']
Whenever avoid the probable_fire_source and get_help are equal, get_help and photo safe_rescuer are equal as well.;|||;G(("avoid(probable_fire_source)" <-> get_help) -> (get_help <-> "photo(safe_rescuer)"));|||;['get_help', '"photo(safe_rescuer)"', '"avoid(probable_fire_source)"']
Whenever get_help and search the toilet are equal, search the toilet and idle are equal as well.;|||;G((get_help <-> "search(toilet)") -> (idle <-> "search(toilet)"));|||;['get_help', 'idle', '"search(toilet)"']
Whenever change light_west red and record the jaywalker on east_10th_street are equal, record the jaywalker on east_10th_street and record the person on southeast_3rd_street are equal as well.;|||;G(("change(light_west,red)" <-> "record(jaywalker,east_10th_street)") -> ("record(jaywalker,east_10th_street)" <-> "record(person,southeast_3rd_street)"));|||;['"change(light_west,red)"', '"record(jaywalker,east_10th_street)"', '"record(person,southeast_3rd_street)"']
Whenever deliver_aid the injured_victim and avoid the probable_flood are equal, avoid the probable_flood and go_home are equal as well.;|||;G(("avoid(probable_flood)" <-> "deliver_aid(injured_victim)") -> ("avoid(probable_flood)" <-> go_home));|||;['"avoid(probable_flood)"', 'go_home', '"deliver_aid(injured_victim)"']
Whenever record the vehicle on north_6th_avenue and photo the motorcycle on northwest_9th_avenue are equal, photo the motorcycle on northwest_9th_avenue and get_help are equal as well.;|||;G(("photo(motorcycle,northwest_9th_avenue)" <-> "record(vehicle,north_6th_avenue)") -> (get_help <-> "photo(motorcycle,northwest_9th_avenue)"));|||;['get_help', '"record(vehicle,north_6th_avenue)"', '"photo(motorcycle,northwest_9th_avenue)"']
Whenever pickup the giraffe and get_help are equal, get_help and pickup the knife are equal as well.;|||;G((get_help <-> "pickup(giraffe)") -> (get_help <-> "pickup(knife)"));|||;['get_help', '"pickup(giraffe)"', '"pickup(knife)"']
Whenever record the collision on northwest_9th_street and record the vehicle on north_8th_avenue are equal, record the vehicle on north_8th_avenue and get_help are equal as well.;|||;G(("record(collision,northwest_9th_street)" <-> "record(vehicle,north_8th_avenue)") -> (get_help <-> "record(vehicle,north_8th_avenue)"));|||;['get_help', '"record(collision,northwest_9th_street)"', '"record(vehicle,north_8th_avenue)"']
Whenever photo fire_source and get_help are equal, get_help and photo unsafe_person are equal as well.;|||;G((get_help <-> "photo(fire_source)") -> (get_help <-> "photo(unsafe_person)"));|||;['get_help', '"photo(unsafe_person)"', '"photo(fire_source)"']
Whenever record the car on east_2nd_street and photo the pedestrian on southeast_8th_street are equal, photo the pedestrian on southeast_8th_street and change light_north green are equal as well.;|||;G(("photo(pedestrian,southeast_8th_street)" <-> "record(car,east_2nd_street)") -> ("change(light_north,green)" <-> "photo(pedestrian,southeast_8th_street)"));|||;['"change(light_north,green)"', '"photo(pedestrian,southeast_8th_street)"', '"record(car,east_2nd_street)"']
Our agent must always maintain both change light_east yellow and get_help.;|||;G("change(light_east,yellow)" & get_help);|||;['get_help', '"change(light_east,yellow)"']
You must always maintain both get_help and record the pedestrian on east_1st_street.;|||;G(get_help & "record(pedestrian,east_1st_street)");|||;['get_help', '"record(pedestrian,east_1st_street)"']
Both record the car on southeast_5th_street and record the jaywalker on southwest_7th_avenue hold at every step.;|||;G("record(car,southeast_5th_street)" & "record(jaywalker,southwest_7th_avenue)");|||;['"record(car,southeast_5th_street)"', '"record(jaywalker,southwest_7th_avenue)"']
This controller must always maintain both get_help and pickup the donut.;|||;G(get_help & "pickup(donut)");|||;['get_help', '"pickup(donut)"']
Both record unstable_beam and photo injured_rescuer hold at every step.;|||;G("photo(injured_rescuer)" & "record(unstable_beam)");|||;['"record(unstable_beam)"', '"photo(injured_rescuer)"']
Our agent must always maintain both search the bird and deliver the donut to the shelf.;|||;G("deliver(donut,shelf)" & "search(bird)");|||;['"search(bird)"', '"deliver(donut,shelf)"']
Both get_help and search the surfboard hold at every step.;|||;G(get_help & "search(surfboard)");|||;['get_help', '"search(surfboard)"']
Both idle and search the knife hold at every step.;|||;G(idle & "search(knife)");|||;['idle', '"search(knife)"']
The system must always maintain both pickup the teddy-bear and get_help.;|||;G(get_help & "pickup(teddy-bear)");|||;['get_help', '"pickup(teddy-bear)"']
This controller must always maintain both photo the jaywalker on north_5th_street and record the collision on east_3rd_street.;|||;G("photo(jaywalker,north_5th_street)" & "record(collision,east_3rd_street)");|||;['"photo(jaywalker,north_5th_street)"', '"record(collision,east_3rd_street)"']
Our agent must always maintain both pickup the elephant and deliver the stop_sign to the loading_dock.;|||;G("deliver(stop_sign,loading_dock)" & "pickup(elephant)");|||;['"pickup(elephant)"', '"deliver(stop_sign,loading_dock)"']
Both record the person on southwest_7th_avenue and get_help hold at every step.;|||;G(get_help & "record(person,southwest_7th_avenue)");|||;['get_help', '"record(person,southwest_7th_avenue)"']
When avoid the probable_unstable_beam happens, communicate the safe_hostile must hold now or in the next step.;|||;G("avoid(probable_unstable_beam)" -> ("communicate(safe_hostile)" | X"communicate(safe_hostile)"));|||;['"communicate(safe_hostile)"', '"avoid(probable_unstable_beam)"']
When photo the car on southeast_8th_street happens, photo the vehicle on southeast_7th_avenue must hold now or in the next step.;|||;G("photo(car,southeast_8th_street)" -> ("photo(vehicle,southeast_7th_avenue)" | X"photo(vehicle,southeast_7th_avenue)"));|||;['"photo(car,southeast_8th_street)"', '"photo(vehicle,southeast_7th_avenue)"']
When get_help happens, change light_north red must hold now or in the next step.;|||;G(get_help -> ("change(light_north,red)" | X"change(light_north,red)"));|||;['get_help', '"change(light_north,red)"']
When idle happensing, deliver the sheep to the shelf must hold now or in the next step.;|||;G(idle -> ("deliver(sheep,shelf)" | X"deliver(sheep,shelf)"));|||;['idle', '"deliver(sheep,shelf)"']
When get_help happens, deliver the book to the shelf must hold now or in the next step.;|||;G(get_help -> ("deliver(book,shelf)" | X"deliver(book,shelf)"));|||;['get_help', '"deliver(book,shelf)"']
When get_help happens, pickup the carrot must hold now or in the next step.;|||;G(get_help -> ("pickup(carrot)" | X"pickup(carrot)"));|||;['get_help', '"pickup(carrot)"']
When deliver_aid the injured_victim happens, deliver_aid the safe_rescuer must hold now or in the next step.;|||;G("deliver_aid(injured_victim)" -> ("deliver_aid(safe_rescuer)" | X"deliver_aid(safe_rescuer)"));|||;['"deliver_aid(injured_victim)"', '"deliver_aid(safe_rescuer)"']
When search the snowboard happens, idle must hold now or in the next step.;|||;G("search(snowboard)" -> (idle | Xidle));|||;['idle', '"search(snowboard)"']
When get_help happens, record safe_person must hold now or in the next step.;|||;G(get_help -> ("record(safe_person)" | X"record(safe_person)"));|||;['get_help', '"record(safe_person)"']
When communicate the injured_hostile happens, deliver_aid the injured_victim must hold now or in the next step.;|||;G("communicate(injured_hostile)" -> ("deliver_aid(injured_victim)" | X"deliver_aid(injured_victim)"));|||;['"deliver_aid(injured_victim)"', '"communicate(injured_hostile)"']
When deliver_aid the injured_victim happens, avoid the inactive_debris must hold now or in the next step.;|||;G("deliver_aid(injured_victim)" -> ("avoid(inactive_debris)" | X"avoid(inactive_debris)"));|||;['"deliver_aid(injured_victim)"', '"avoid(inactive_debris)"']
When go_home happens, record flood must hold now or in the next step.;|||;G(go_home -> ("record(flood)" | X"record(flood)"));|||;['go_home', '"record(flood)"']
Whenever photo the motorcycle on north_4th_avenue holds, eventually photo the jaywalker on northeast_10th_street will hold.;|||;G("photo(motorcycle,north_4th_avenue)" -> F"photo(jaywalker,northeast_10th_street)");|||;['"photo(motorcycle,north_4th_avenue)"', '"photo(jaywalker,northeast_10th_street)"']
Whenever pickup the book holds, eventually idle will hold.;|||;G("pickup(book)" -> Fidle);|||;['idle', '"pickup(book)"']
Globally, if record unsafe_person occurs then finally avoid the impending_gas_leak happens.;|||;G("record(unsafe_person)" -> F"avoid(impending_gas_leak)");|||;['"avoid(impending_gas_leak)"', '"record(unsafe_person)"']
Whenever communicate the injured_victim holds, eventually go_home will hold.;|||;G("communicate(injured_victim)" -> Fgo_home);|||;['"communicate(injured_victim)"', 'go_home']
Whenever deliver_aid the injured_victim holds, eventually go_home will hold.;|||;G("deliver_aid(injured_victim)" -> Fgo_home);|||;['go_home', '"deliver_aid(injured_victim)"']
Whenever deliver_aid the injured_victim holds, eventually photo fire_source will hold.;|||;G("deliver_aid(injured_victim)" -> F"photo(fire_source)");|||;['"deliver_aid(injured_victim)"', '"photo(fire_source)"']
Globally, if change light_north green occurs then finally record the collision on west_9th_avenue happens.;|||;G("change(light_north,green)" -> F"record(collision,west_9th_avenue)");|||;['"change(light_north,green)"', '"record(collision,west_9th_avenue)"']
Globally, if get_help occurs then finally photo fire_source happens.;|||;G(get_help -> F"photo(fire_source)");|||;['get_help', '"photo(fire_source)"']
Whenever deliver the dining_table to the loading_dock holds, eventually idle will hold.;|||;G("deliver(dining_table,loading_dock)" -> Fidle);|||;['idle', '"deliver(dining_table,loading_dock)"']
Globally, if idle occursing then finally get_help happens.;|||;G(idle -> Fget_help);|||;['get_help', 'idle']
Whenever get_help holds, eventually change light_west red will hold.;|||;G(get_help -> F"change(light_west,red)");|||;['get_help', '"change(light_west,red)"']
Whenever search the horse holds, eventually idle will hold.;|||;G("search(horse)" -> Fidle);|||;['idle', '"search(horse)"']
If every go_home is eventually followed by begining recording unsafe_victim, then get_help must occur infinitely often.;|||;G(go_home -> F"record(unsafe_victim)") -> GFget_help;|||;['get_help', 'go_home', '"record(unsafe_victim)"']
If every get_help is eventually followed by changeing light_west green, then change light_west yellow must occur infinitely often.;|||;G(get_help -> F"change(light_west,green)") -> GF"change(light_west,yellow)";|||;['get_help', '"change(light_west,yellow)"', '"change(light_west,green)"']
If every go_home is eventually followed by staying away from the nearest_fire_source, then deliver_aid the injured_rescuer must occur infinitely often.;|||;G(go_home -> F"avoid(nearest_fire_source)") -> GF"deliver_aid(injured_rescuer)";|||;['go_home', '"deliver_aid(injured_rescuer)"', '"avoid(nearest_fire_source)"']
If every record injured_person is eventually followed by going home, then photo debris must occur infinitely often.;|||;G("record(injured_person)" -> Fgo_home) -> GF"photo(debris)";|||;['go_home', '"record(injured_person)"', '"photo(debris)"']
If every search the traffic_light is eventually followed by pickup the skateboard, then search the giraffe must occur infinitely often.;|||;G("search(traffic_light)" -> F"pickup(skateboard)") -> GF"search(giraffe)";|||;['"search(giraffe)"', '"pickup(skateboard)"', '"search(traffic_light)"']
If every go_home is eventually followed by calling for help, then deliver_aid the safe_hostile must occur infinitely often.;|||;G(go_home -> Fget_help) -> GF"deliver_aid(safe_hostile)";|||;['get_help', 'go_home', '"deliver_aid(safe_hostile)"']
If every get_help is eventually followed by establishing communication with the injured_hostile, then deliver_aid the safe_hostile must occur infinitely often.;|||;G(get_help -> F"communicate(injured_hostile)") -> GF"deliver_aid(safe_hostile)";|||;['get_help', '"deliver_aid(safe_hostile)"', '"communicate(injured_hostile)"']
If every pickup the teddy-bear is eventually followed by remaining still, then deliver the toaster to the shelf must occur infinitely often.;|||;G("pickup(teddy-bear)" -> Fidle) -> GF"deliver(toaster,shelf)";|||;['idle', '"deliver(toaster,shelf)"', '"pickup(teddy-bear)"']
If every change light_north green is eventually followed by changeing light_south red, then change light_west red must occur infinitely often.;|||;G("change(light_north,green)" -> F"change(light_south,red)") -> GF"change(light_west,red)";|||;['"change(light_west,red)"', '"change(light_south,red)"', '"change(light_north,green)"']
If every pickup the toaster is eventually followed by picking up the refrigerator, then get_help must occur infinitely often.;|||;G("pickup(toaster)" -> F"pickup(refrigerator)") -> GFget_help;|||;['get_help', '"pickup(toaster)"', '"pickup(refrigerator)"']
If every communicate the safe_victim is eventually followed by recording safe_rescuer, then avoid the active_fire_source must occur infinitely often.;|||;G("communicate(safe_victim)" -> F"record(safe_rescuer)") -> GF"avoid(active_fire_source)";|||;['"communicate(safe_victim)"', '"record(safe_rescuer)"', '"avoid(active_fire_source)"']
If every get_help is eventually followed by going back to base, then record unstable_beam must occur infinitely often.;|||;G(get_help -> Fgo_home) -> GF"record(unstable_beam)";|||;['get_help', 'go_home', '"record(unstable_beam)"']
Whenever change light_west yellow holds, from the next step onwards change light_east green will eventually hold.;|||;G("change(light_west,yellow)" -> XF"change(light_east,green)");|||;['"change(light_west,yellow)"', '"change(light_east,green)"']
Whenever deliver the bird to the loading_dock holds, from the next step onwards pickup the stop_sign will eventually hold.;|||;G("deliver(bird,loading_dock)" -> XF"pickup(stop_sign)");|||;['"deliver(bird,loading_dock)"', '"pickup(stop_sign)"']
Whenever get_help holds, from the next step onwards photo the pedestrian on north_9th_street will eventually hold.;|||;G(get_help -> XF"photo(pedestrian,north_9th_street)");|||;['get_help', '"photo(pedestrian,north_9th_street)"']
Whenever deliver the cake to the shelf holds, from the next step onwards get_help will eventually hold.;|||;G("deliver(cake,shelf)" -> XFget_help);|||;['get_help', '"deliver(cake,shelf)"']
Whenever deliver the sofa to the loading_dock holds, from the next step onwards pickup the chair will eventually hold.;|||;G("deliver(sofa,loading_dock)" -> XF"pickup(chair)");|||;['"pickup(chair)"', '"deliver(sofa,loading_dock)"']
Whenever search the bowl holds, from the next step onwards search the apple will eventually hold.;|||;G("search(bowl)" -> XF"search(apple)");|||;['"search(bowl)"', '"search(apple)"']
Whenever deliver the elephant to the loading_dock holds, from the next step onwards search the elephant will eventually hold.;|||;G("deliver(elephant,loading_dock)" -> XF"search(elephant)");|||;['"search(elephant)"', '"deliver(elephant,loading_dock)"']
Whenever change light_north yellow holds, from the next step onwards get_help will eventually hold.;|||;G("change(light_north,yellow)" -> XFget_help);|||;['get_help', '"change(light_north,yellow)"']
Whenever photo safe_civilian holds, from the next step onwards photo unsafe_victim will eventually hold.;|||;G("photo(safe_civilian)" -> XF"photo(unsafe_victim)");|||;['"photo(safe_civilian)"', '"photo(unsafe_victim)"']
Whenever record injured_rescuer holds, from the next step onwards record unstable_beam will eventually hold.;|||;G("record(injured_rescuer)" -> XF"record(unstable_beam)");|||;['"record(injured_rescuer)"', '"record(unstable_beam)"']
Whenever get_help holds, from the next step onwards photo the person on northeast_7th_street will eventually hold.;|||;G(get_help -> XF"photo(person,northeast_7th_street)");|||;['get_help', '"photo(person,northeast_7th_street)"']
Whenever search the sandwich holds, from the next step onwards search the frisbee will eventually hold.;|||;G("search(sandwich)" -> XF"search(frisbee)");|||;['"search(frisbee)"', '"search(sandwich)"']
Once deliver the bed to the loading_dock has occurred, search the wine_glass will never occur again.;|||;G("deliver(bed,loading_dock)" -> XG!"search(wine_glass)");|||;['"search(wine_glass)"', '"deliver(bed,loading_dock)"']
Once photo the jaywalker on northeast_1st_street has occurred, photo the motorcycle on west_6th_street will never occur again.;|||;G("photo(jaywalker,northeast_1st_street)" -> XG!"photo(motorcycle,west_6th_street)");|||;['"photo(motorcycle,west_6th_street)"', '"photo(jaywalker,northeast_1st_street)"']
Once get_help has occurred, pickup the tie will never occur again.;|||;G(get_help -> XG!"pickup(tie)");|||;['get_help', '"pickup(tie)"']
Once change light_north yellow has occurred, photo the vehicle on south_2nd_street will never occur again.;|||;G("change(light_north,yellow)" -> XG!"photo(vehicle,south_2nd_street)");|||;['"change(light_north,yellow)"', '"photo(vehicle,south_2nd_street)"']
Once get_help has occurred, pickup the parking_meter will never occur again.;|||;G(get_help -> XG!"pickup(parking_meter)");|||;['get_help', '"pickup(parking_meter)"']
Once photo unsafe_civilian has occurred, go_home will never occur again.;|||;G("photo(unsafe_civilian)" -> XG!go_home);|||;['go_home', '"photo(unsafe_civilian)"']
Once get_help has occurred, change light_east red will never occur again.;|||;G(get_help -> XG!"change(light_east,red)");|||;['get_help', '"change(light_east,red)"']
Once get_help has occurred, deliver the refrigerator to the shelf will never occur again.;|||;G(get_help -> XG!"deliver(refrigerator,shelf)");|||;['get_help', '"deliver(refrigerator,shelf)"']
Once avoid the inactive_flood has occurred, record safe_civilian will never occur again.;|||;G("avoid(inactive_flood)" -> XG!"record(safe_civilian)");|||;['"record(safe_civilian)"', '"avoid(inactive_flood)"']
Once get_help has occurred, change light_south green will never occur again.;|||;G(get_help -> XG!"change(light_south,green)");|||;['get_help', '"change(light_south,green)"']
Once idle has occurred, get_help will never occur again.;|||;G(idle -> XG!get_help);|||;['get_help', 'idle']
Once get_help has occurred, deliver_aid the injured_victim will never occur again.;|||;G(get_help -> XG!"deliver_aid(injured_victim)");|||;['get_help', '"deliver_aid(injured_victim)"']
Whenever communicate the safe_victim holds, photo unstable_beam holds exactly three steps later.;|||;G("communicate(safe_victim)" -> XXX"photo(unstable_beam)");|||;['"communicate(safe_victim)"', '"photo(unstable_beam)"']
Whenever record gas_leak holds, photo unstable_beam holds exactly three steps later.;|||;G("record(gas_leak)" -> XXX"photo(unstable_beam)");|||;['"record(gas_leak)"', '"photo(unstable_beam)"']
Whenever pickup the kite holds, pickup the backpack holds exactly three steps later.;|||;G("pickup(kite)" -> XXX"pickup(backpack)");|||;['"pickup(kite)"', '"pickup(backpack)"']
Whenever get_help holds, record the cyclist on north_1st_street holds exactly three steps later.;|||;G(get_help -> XXX"record(cyclist,north_1st_street)");|||;['get_help', '"record(cyclist,north_1st_street)"']
Whenever avoid the probable_fire_source holds, communicate the injured_hostile holds exactly three steps later.;|||;G("avoid(probable_fire_source)" -> XXX"communicate(injured_hostile)");|||;['"communicate(injured_hostile)"', '"avoid(probable_fire_source)"']
Whenever photo the jaywalker on east_6th_street holds, record the car on north_9th_avenue holds exactly three steps later.;|||;G("photo(jaywalker,east_6th_street)" -> XXX"record(car,north_9th_avenue)");|||;['"photo(jaywalker,east_6th_street)"', '"record(car,north_9th_avenue)"']
Whenever avoid the nearest_debris holds, communicate the safe_hostile holds exactly three steps later.;|||;G("avoid(nearest_debris)" -> XXX"communicate(safe_hostile)");|||;['"avoid(nearest_debris)"', '"communicate(safe_hostile)"']
Whenever get_help holds, avoid the impending_gas_leak holds exactly three steps later.;|||;G(get_help -> XXX"avoid(impending_gas_leak)");|||;['get_help', '"avoid(impending_gas_leak)"']
Whenever photo the jaywalker on south_1st_street holds, record the collision on southeast_5th_avenue holds exactly three steps later.;|||;G("photo(jaywalker,south_1st_street)" -> XXX"record(collision,southeast_5th_avenue)");|||;['"record(collision,southeast_5th_avenue)"', '"photo(jaywalker,south_1st_street)"']
Whenever photo injured_rescuer holds, photo unstable_beam holds exactly three steps later.;|||;G("photo(injured_rescuer)" -> XXX"photo(unstable_beam)");|||;['"photo(unstable_beam)"', '"photo(injured_rescuer)"']
Whenever get_help holds, record debris holds exactly three steps later.;|||;G(get_help -> XXX"record(debris)");|||;['get_help', '"record(debris)"']
Whenever go_home holds, communicate the safe_rescuer holds exactly three steps later.;|||;G(go_home -> XXX"communicate(safe_rescuer)");|||;['go_home', '"communicate(safe_rescuer)"']
Every go_home is directly followed by delivering aid to the injured_hostile in the next step.;|||;G(go_home -> X"deliver_aid(injured_hostile)");|||;['go_home', '"deliver_aid(injured_hostile)"']
Every get_help is directly followed by deliver the bed to the loading_dock in the next step.;|||;G(get_help -> X"deliver(bed,loading_dock)");|||;['get_help', '"deliver(bed,loading_dock)"']
Every change light_west red is directly followed by change light_north yellow in the next step.;|||;G("change(light_west,red)" -> X"change(light_north,yellow)");|||;['"change(light_west,red)"', '"change(light_north,yellow)"']
Every record the vehicle on southwest_1st_street is directly followed by changeing light_south green in the next step.;|||;G("record(vehicle,southwest_1st_street)" -> X"change(light_south,green)");|||;['"change(light_south,green)"', '"record(vehicle,southwest_1st_street)"']
Every get_help is directly followed by droping off the zebra to the loading_dock in the next step.;|||;G(get_help -> X"deliver(zebra,loading_dock)");|||;['get_help', '"deliver(zebra,loading_dock)"']
Every deliver_aid the injured_rescuer is directly followed by begining recording unsafe_rescuer in the next step.;|||;G("deliver_aid(injured_rescuer)" -> X"record(unsafe_rescuer)");|||;['"deliver_aid(injured_rescuer)"', '"record(unsafe_rescuer)"']
Every change light_east red is directly followed by geting help in the next step.;|||;G("change(light_east,red)" -> Xget_help);|||;['get_help', '"change(light_east,red)"']
Every communicate the injured_hostile is directly followed by talking to the safe_rescuer in the next step.;|||;G("communicate(injured_hostile)" -> X"communicate(safe_rescuer)");|||;['"communicate(safe_rescuer)"', '"communicate(injured_hostile)"']
Every communicate the safe_victim is directly followed by calling for help in the next step.;|||;G("communicate(safe_victim)" -> Xget_help);|||;['get_help', '"communicate(safe_victim)"']
Every get_help is directly followed by standing by in the next step.;|||;G(get_help -> Xidle);|||;['get_help', 'idle']
Every deliver the boat to the loading_dock is directly followed by pickuping the traffic_light in the next step.;|||;G("deliver(boat,loading_dock)" -> X"pickup(traffic_light)");|||;['"pickup(traffic_light)"', '"deliver(boat,loading_dock)"']
Every deliver_aid the injured_rescuer is directly followed by geting help in the next step.;|||;G("deliver_aid(injured_rescuer)" -> Xget_help);|||;['get_help', '"deliver_aid(injured_rescuer)"']
Whenever go_home holds, avoid the nearest_flood holds as well.;|||;G(go_home -> "avoid(nearest_flood)");|||;['go_home', '"avoid(nearest_flood)"']
Whenever record safe_victim holds, photo unsafe_civilian holds as well.;|||;G("record(safe_victim)" -> "photo(unsafe_civilian)");|||;['"record(safe_victim)"', '"photo(unsafe_civilian)"']
Whenever photo the jaywalker on northwest_5th_avenue holds, change light_north red holds as well.;|||;G("photo(jaywalker,northwest_5th_avenue)" -> "change(light_north,red)");|||;['"change(light_north,red)"', '"photo(jaywalker,northwest_5th_avenue)"']
Whenever record the collision on east_6th_avenue holds, get_help holds as well.;|||;G("record(collision,east_6th_avenue)" -> get_help);|||;['get_help', '"record(collision,east_6th_avenue)"']
Whenever pickup the surfboard holds, idle holds as well.;|||;G("pickup(surfboard)" -> idle);|||;['idle', '"pickup(surfboard)"']
Whenever pickup the person holds, pickup the cow holds as well.;|||;G("pickup(person)" -> "pickup(cow)");|||;['"pickup(cow)"', '"pickup(person)"']
Whenever get_help holds, photo fire_source holds as well.;|||;G(get_help -> "photo(fire_source)");|||;['get_help', '"photo(fire_source)"']
Whenever go_home holds, avoid the inactive_flood holds as well.;|||;G(go_home -> "avoid(inactive_flood)");|||;['go_home', '"avoid(inactive_flood)"']
Whenever photo the collision on south_9th_street holds, record the jaywalker on southeast_2nd_avenue holds as well.;|||;G("photo(collision,south_9th_street)" -> "record(jaywalker,southeast_2nd_avenue)");|||;['"photo(collision,south_9th_street)"', '"record(jaywalker,southeast_2nd_avenue)"']
Whenever deliver the dining_table to the shelf holds, get_help holds as well.;|||;G("deliver(dining_table,shelf)" -> get_help);|||;['get_help', '"deliver(dining_table,shelf)"']
Whenever change light_west red holds, record the collision on northeast_10th_avenue holds as well.;|||;G("change(light_west,red)" -> "record(collision,northeast_10th_avenue)");|||;['"change(light_west,red)"', '"record(collision,northeast_10th_avenue)"']
Whenever record the cyclist on north_5th_street holds, get_help holds as well.;|||;G("record(cyclist,north_5th_street)" -> get_help);|||;['get_help', '"record(cyclist,north_5th_street)"']
At every step, record the pedestrian on north_5th_avenue equals the value of change light_east green in the next step.;|||;G("record(pedestrian,north_5th_avenue)" <-> X"change(light_east,green)");|||;['"change(light_east,green)"', '"record(pedestrian,north_5th_avenue)"']
At every step, pickup the refrigerator equals the value of search the bed in the next step.;|||;G("pickup(refrigerator)" <-> X"search(bed)");|||;['"search(bed)"', '"pickup(refrigerator)"']
At every step, change light_north yellow equals the value of record the cyclist on west_1st_avenue in the next step.;|||;G("change(light_north,yellow)" <-> X"record(cyclist,west_1st_avenue)");|||;['"change(light_north,yellow)"', '"record(cyclist,west_1st_avenue)"']
At every step, photo injured_victim equals the value of communicate the safe_rescuer in the next step.;|||;G("photo(injured_victim)" <-> X"communicate(safe_rescuer)");|||;['"photo(injured_victim)"', '"communicate(safe_rescuer)"']
At every step, record the cyclist on west_10th_avenue equals the value of change light_north yellow in the next step.;|||;G("record(cyclist,west_10th_avenue)" <-> X"change(light_north,yellow)");|||;['"change(light_north,yellow)"', '"record(cyclist,west_10th_avenue)"']
At every step, avoid the probable_flood equals the value of go_home in the next step.;|||;G("avoid(probable_flood)" <-> Xgo_home);|||;['"avoid(probable_flood)"', 'go_home']
At every step, avoid the active_flood equals the value of communicate the safe_victim in the next step.;|||;G("avoid(active_flood)" <-> X"communicate(safe_victim)");|||;['"communicate(safe_victim)"', '"avoid(active_flood)"']
At every step, change light_south green equals the value of photo the collision on southwest_6th_street in the next step.;|||;G("change(light_south,green)" <-> X"photo(collision,southwest_6th_street)");|||;['"change(light_south,green)"', '"photo(collision,southwest_6th_street)"']
At every step, get_help equals the value of photo the motorcycle on southeast_1st_street in the next step.;|||;G(get_help <-> X"photo(motorcycle,southeast_1st_street)");|||;['get_help', '"photo(motorcycle,southeast_1st_street)"']
At every step, communicate the safe_rescuer equals the value of photo unsafe_rescuer in the next step.;|||;G("communicate(safe_rescuer)" <-> X"photo(unsafe_rescuer)");|||;['"communicate(safe_rescuer)"', '"photo(unsafe_rescuer)"']
At every step, search the spoon equals the value of deliver the wine_glass to the shelf in the next step.;|||;G("search(spoon)" <-> X"deliver(wine_glass,shelf)");|||;['"search(spoon)"', '"deliver(wine_glass,shelf)"']
At every step, get_help equals the value of photo injured_person in the next step.;|||;G(get_help <-> X"photo(injured_person)");|||;['get_help', '"photo(injured_person)"']
This controller must always have either change light_east green or record the person on east_9th_street.;|||;G("change(light_east,green)" | "record(person,east_9th_street)");|||;['"change(light_east,green)"', '"record(person,east_9th_street)"']
The system must always have either deliver the laptop to the loading_dock or search the keyboard.;|||;G("deliver(laptop,loading_dock)" | "search(keyboard)");|||;['"search(keyboard)"', '"deliver(laptop,loading_dock)"']
This controller must always have either photo the collision on north_1st_avenue or photo the motorcycle on east_9th_street.;|||;G("photo(collision,north_1st_avenue)" | "photo(motorcycle,east_9th_street)");|||;['"photo(motorcycle,east_9th_street)"', '"photo(collision,north_1st_avenue)"']
The system must always have either get_help or change light_east red.;|||;G("change(light_east,red)" | get_help);|||;['get_help', '"change(light_east,red)"']
You must always have either get_help or search the zebra.;|||;G(get_help | "search(zebra)");|||;['get_help', '"search(zebra)"']
This controller must always have either record injured_victim or avoid the nearest_unstable_beam.;|||;G("avoid(nearest_unstable_beam)" | "record(injured_victim)");|||;['"avoid(nearest_unstable_beam)"', '"record(injured_victim)"']
You must always have either get_help or deliver the sports_ball to the loading_dock.;|||;G("deliver(sports_ball,loading_dock)" | get_help);|||;['get_help', '"deliver(sports_ball,loading_dock)"']
The system must always have either get_help or record the vehicle on east_1st_avenue.;|||;G(get_help | "record(vehicle,east_1st_avenue)");|||;['get_help', '"record(vehicle,east_1st_avenue)"']
The robot must always have either get_help or record safe_victim.;|||;G(get_help | "record(safe_victim)");|||;['get_help', '"record(safe_victim)"']
Our agent must always have either photo the cyclist on north_7th_avenue or photo the pedestrian on south_4th_avenue.;|||;G("photo(cyclist,north_7th_avenue)" | "photo(pedestrian,south_4th_avenue)");|||;['"photo(cyclist,north_7th_avenue)"', '"photo(pedestrian,south_4th_avenue)"']
The robot must always have either go_home or deliver_aid the safe_hostile.;|||;G("deliver_aid(safe_hostile)" | go_home);|||;['go_home', '"deliver_aid(safe_hostile)"']
This controller must always have either search the kite or get_help.;|||;G(get_help | "search(kite)");|||;['get_help', '"search(kite)"']
If search the hair-drier happens infinitely often, then so does get_help.;|||;GF"search(hair-drier)" -> GFget_help;|||;['get_help', '"search(hair-drier)"']
If communicate the safe_rescuer happens infinitely often, then so does get_help.;|||;GF"communicate(safe_rescuer)" -> GFget_help;|||;['get_help', '"communicate(safe_rescuer)"']
If pickup the umbrella happens infinitely often, then so does get_help.;|||;GF"pickup(umbrella)" -> GFget_help;|||;['get_help', '"pickup(umbrella)"']
If record safe_civilian happens infinitely often, then so does get_help.;|||;GF"record(safe_civilian)" -> GFget_help;|||;['get_help', '"record(safe_civilian)"']
If photo the pedestrian on north_3rd_street happens infinitely often, then so does get_help.;|||;GF"photo(pedestrian,north_3rd_street)" -> GFget_help;|||;['get_help', '"photo(pedestrian,north_3rd_street)"']
If search the sink happens infinitely often, then so does search the horse.;|||;GF"search(sink)" -> GF"search(horse)";|||;['"search(sink)"', '"search(horse)"']
If photo the person on southeast_5th_avenue happens infinitely often, then so does record the person on east_2nd_avenue.;|||;GF"photo(person,southeast_5th_avenue)" -> GF"record(person,east_2nd_avenue)";|||;['"photo(person,southeast_5th_avenue)"', '"record(person,east_2nd_avenue)"']
If change light_north yellow happens infinitely often, then so does get_help.;|||;GF"change(light_north,yellow)" -> GFget_help;|||;['get_help', '"change(light_north,yellow)"']
If get_help happens infinitely often, then so does photo flood.;|||;GFget_help -> GF"photo(flood)";|||;['get_help', '"photo(flood)"']
If record safe_victim happens infinitely often, then so does go_home.;|||;GF"record(safe_victim)" -> GFgo_home;|||;['go_home', '"record(safe_victim)"']
If get_help happens infinitely often, then so does record the motorcycle on northeast_7th_avenue.;|||;GFget_help -> GF"record(motorcycle,northeast_7th_avenue)";|||;['get_help', '"record(motorcycle,northeast_7th_avenue)"']
If get_help happens infinitely often, then so does photo the collision on south_3rd_street.;|||;GFget_help -> GF"photo(collision,south_3rd_street)";|||;['get_help', '"photo(collision,south_3rd_street)"']
Either photo the collision on east_5th_avenue or record the car on west_8th_street happens infinitely often.;|||;GF"photo(collision,east_5th_avenue)" | GF"record(car,west_8th_street)";|||;['"photo(collision,east_5th_avenue)"', '"record(car,west_8th_street)"']
Either photo safe_civilian or photo gas_leak happens infinitely often.;|||;GF"photo(safe_civilian)" | GF"photo(gas_leak)";|||;['"photo(gas_leak)"', '"photo(safe_civilian)"']
Either deliver the sofa to the loading_dock or idle happens infinitely often.;|||;GF"deliver(sofa,loading_dock)" | GFidle;|||;['idle', '"deliver(sofa,loading_dock)"']
Either record flood or get_help happens infinitely often.;|||;GF"record(flood)" | GFget_help;|||;['get_help', '"record(flood)"']
Either get_help or pickup the suitcase happens infinitely often.;|||;GFget_help | GF"pickup(suitcase)";|||;['get_help', '"pickup(suitcase)"']
Either pickup the person or idle happens infinitely often.;|||;GF"pickup(person)" | GFidle;|||;['idle', '"pickup(person)"']
Either deliver the wine_glass to the shelf or search the mouse happens infinitely often.;|||;GF"deliver(wine_glass,shelf)" | GF"search(mouse)";|||;['"search(mouse)"', '"deliver(wine_glass,shelf)"']
Either idle or pickup the carrot happens infinitely often.;|||;GFidle | GF"pickup(carrot)";|||;['idle', '"pickup(carrot)"']
Either avoid the active_flood or avoid the inactive_flood happens infinitely often.;|||;GF"avoid(active_flood)" | GF"avoid(inactive_flood)";|||;['"avoid(active_flood)"', '"avoid(inactive_flood)"']
Either record the cyclist on north_3rd_street or photo the jaywalker on northeast_3rd_avenue happens infinitely often.;|||;GF"record(cyclist,north_3rd_street)" | GF"photo(jaywalker,northeast_3rd_avenue)";|||;['"photo(jaywalker,northeast_3rd_avenue)"', '"record(cyclist,north_3rd_street)"']
Either pickup the carrot or deliver the horse to the loading_dock happens infinitely often.;|||;GF"pickup(carrot)" | GF"deliver(horse,loading_dock)";|||;['"pickup(carrot)"', '"deliver(horse,loading_dock)"']
Either idle or pickup the cow happens infinitely often.;|||;GFidle | GF"pickup(cow)";|||;['idle', '"pickup(cow)"']
Either search the hair-drier happens infinitely often, or deliver the backpack to the loading_dock happens in the next step.;|||;GF"search(hair-drier)" | X"deliver(backpack,loading_dock)";|||;['"search(hair-drier)"', '"deliver(backpack,loading_dock)"']
Either idle happens infinitely often, or deliver the remote to the shelf happens in the next step.;|||;GFidle | X"deliver(remote,shelf)";|||;['idle', '"deliver(remote,shelf)"']
Either photo the pedestrian on northwest_7th_street happens infinitely often, or get_help happens in the next step.;|||;GF"photo(pedestrian,northwest_7th_street)" | Xget_help;|||;['get_help', '"photo(pedestrian,northwest_7th_street)"']
Either communicate the safe_victim happens infinitely often, or photo safe_rescuer happens in the next step.;|||;GF"communicate(safe_victim)" | X"photo(safe_rescuer)";|||;['"communicate(safe_victim)"', '"photo(safe_rescuer)"']
Either pickup the baseball_glove happens infinitely often, or idle happensing in the next step.;|||;GF"pickup(baseball_glove)" | Xidle;|||;['idle', '"pickup(baseball_glove)"']
Either deliver_aid the injured_rescuer happens infinitely often, or communicate the safe_victim happens in the next step.;|||;GF"deliver_aid(injured_rescuer)" | X"communicate(safe_victim)";|||;['"communicate(safe_victim)"', '"deliver_aid(injured_rescuer)"']
Either avoid the nearest_gas_leak happens infinitely often, or get_help happens in the next step.;|||;GF"avoid(nearest_gas_leak)" | Xget_help;|||;['get_help', '"avoid(nearest_gas_leak)"']
Either record the pedestrian on east_10th_street happens infinitely often, or record the jaywalker on southwest_4th_avenue happens in the next step.;|||;GF"record(pedestrian,east_10th_street)" | X"record(jaywalker,southwest_4th_avenue)";|||;['"record(jaywalker,southwest_4th_avenue)"', '"record(pedestrian,east_10th_street)"']
Either get_help happens infinitely often, or change light_north yellow happens in the next step.;|||;GFget_help | X"change(light_north,yellow)";|||;['get_help', '"change(light_north,yellow)"']
Either get_help happens infinitely often, or photo the jaywalker on northwest_4th_avenue happens in the next step.;|||;GFget_help | X"photo(jaywalker,northwest_4th_avenue)";|||;['get_help', '"photo(jaywalker,northwest_4th_avenue)"']
Either idle happens infinitely often, or search the motorbike happens in the next step.;|||;GFidle | X"search(motorbike)";|||;['idle', '"search(motorbike)"']
Either deliver the parking_meter to the shelf happens infinitely often, or pickup the baseball_glove happens in the next step.;|||;GF"deliver(parking_meter,shelf)" | X"pickup(baseball_glove)";|||;['"pickup(baseball_glove)"', '"deliver(parking_meter,shelf)"']
Photograph the pedestrian on northeast_7th_avenue holds at all times.;|||;G"photo(pedestrian,northeast_7th_avenue)";|||;['"photo(pedestrian,northeast_7th_avenue)"']
Take a picture of the motorcycle on east_9th_street holds at all times.;|||;G"photo(motorcycle,east_9th_street)";|||;['"photo(motorcycle,east_9th_street)"']
Communicate with the injured_rescuer holds at all times.;|||;G"communicate(injured_rescuer)";|||;['"communicate(injured_rescuer)"']
Update light_south red holds at all times.;|||;G"change(light_south,red)";|||;['"change(light_south,red)"']
Idle holds at all times.;|||;Gidle;|||;['idle']
Record safe_civilian holds at all times.;|||;G"record(safe_civilian)";|||;['"record(safe_civilian)"']
Take a picture of the collision on northwest_1st_avenue holds at all times.;|||;G"photo(collision,northwest_1st_avenue)";|||;['"photo(collision,northwest_1st_avenue)"']
Switch light_south yellow holds at all times.;|||;G"change(light_south,yellow)";|||;['"change(light_south,yellow)"']
Take a video of the jaywalker on southwest_2nd_avenue holds at all times.;|||;G"record(jaywalker,southwest_2nd_avenue)";|||;['"record(jaywalker,southwest_2nd_avenue)"']
Take a photo of the vehicle on north_2nd_street holds at all times.;|||;G"photo(vehicle,north_2nd_street)";|||;['"photo(vehicle,north_2nd_street)"']
Retrieve the fire_hydrant holds at all times.;|||;G"pickup(fire_hydrant)";|||;['"pickup(fire_hydrant)"']
Begin recording the vehicle on west_6th_avenue holds at all times.;|||;G"record(vehicle,west_6th_avenue)";|||;['"record(vehicle,west_6th_avenue)"']
If record the cyclist on southwest_6th_street holds, then in the next step change light_south yellow persists until calling for help holds, or else change light_south yellow holds forever.;|||;"record(cyclist,southwest_6th_street)" -> X(("change(light_south,yellow)" U get_help) | G"change(light_south,yellow)");|||;['get_help', '"change(light_south,yellow)"', '"record(cyclist,southwest_6th_street)"']
If get_help holds, then in the next step search the tv_monitor persists until searching for the refrigerator holds, or else search the tv_monitor holds forever.;|||;get_help -> X(("search(tv_monitor)" U "search(refrigerator)") | G"search(tv_monitor)");|||;['get_help', '"search(tv_monitor)"', '"search(refrigerator)"']
If get_help holds, then in the next step search the sheep persists until idleing holds, or else search the sheep holds forever.;|||;get_help -> X(("search(sheep)" U idle) | G"search(sheep)");|||;['get_help', 'idle', '"search(sheep)"']
If get_help holds, then in the next step deliver_aid the injured_rescuer persists until going home holds, or else deliver_aid the injured_rescuer holds forever.;|||;get_help -> X(("deliver_aid(injured_rescuer)" U go_home) | G"deliver_aid(injured_rescuer)");|||;['get_help', 'go_home', '"deliver_aid(injured_rescuer)"']
If deliver the fork to the loading_dock holds, then in the next step idle persists until searching for the umbrella holds, or else idle holds forever.;|||;"deliver(fork,loading_dock)" -> X((idle U "search(umbrella)") | Gidle);|||;['idle', '"deliver(fork,loading_dock)"', '"search(umbrella)"']
If record the motorcycle on south_2nd_street holds, then in the next step photo the motorcycle on south_3rd_avenue persists until begining recording the collision on northwest_9th_street holds, or else photo the motorcycle on south_3rd_avenue holds forever.;|||;"record(motorcycle,south_2nd_street)" -> X(("photo(motorcycle,south_3rd_avenue)" U "record(collision,northwest_9th_street)") | G"photo(motorcycle,south_3rd_avenue)");|||;['"record(motorcycle,south_2nd_street)"', '"photo(motorcycle,south_3rd_avenue)"', '"record(collision,northwest_9th_street)"']
If search the chair holds, then in the next step deliver the tv_monitor to the loading_dock persists until handing over the cat to the loading_dock holds, or else deliver the tv_monitor to the loading_dock holds forever.;|||;"search(chair)" -> X(("deliver(tv_monitor,loading_dock)" U "deliver(cat,loading_dock)") | G"deliver(tv_monitor,loading_dock)");|||;['"search(chair)"', '"deliver(tv_monitor,loading_dock)"', '"deliver(cat,loading_dock)"']
If get_help holds, then in the next step record the motorcycle on north_2nd_street persists until change light_west green holds, or else record the motorcycle on north_2nd_street holds forever.;|||;get_help -> X(("record(motorcycle,north_2nd_street)" U "change(light_west,green)") | G"record(motorcycle,north_2nd_street)");|||;['get_help', '"change(light_west,green)"', '"record(motorcycle,north_2nd_street)"']
If communicate the injured_hostile holds, then in the next step record unsafe_person persists until photo unsafe_civilian holds, or else record unsafe_person holds forever.;|||;"communicate(injured_hostile)" -> X(("record(unsafe_person)" U "photo(unsafe_civilian)") | G"record(unsafe_person)");|||;['"record(unsafe_person)"', '"communicate(injured_hostile)"', '"photo(unsafe_civilian)"']
If record flood holds, then in the next step avoid the probable_debris persists until talking to the safe_hostile holds, or else avoid the probable_debris holds forever.;|||;"record(flood)" -> X(("avoid(probable_debris)" U "communicate(safe_hostile)") | G"avoid(probable_debris)");|||;['"communicate(safe_hostile)"', '"record(flood)"', '"avoid(probable_debris)"']
If search the tv_monitor holds, then in the next step pickup the cup persists until geting help holds, or else pickup the cup holds forever.;|||;"search(tv_monitor)" -> X(("pickup(cup)" U get_help) | G"pickup(cup)");|||;['get_help', '"search(tv_monitor)"', '"pickup(cup)"']
If deliver the hair-drier to the loading_dock holds, then in the next step get_help persists until searching the tie holds, or else get_help holds forever.;|||;"deliver(hair-drier,loading_dock)" -> X((get_help U "search(tie)") | Gget_help);|||;['get_help', '"search(tie)"', '"deliver(hair-drier,loading_dock)"']
Pick up the clock must keep holding until, from some point on, search the remote holds infinitely often.;|||;"pickup(clock)" U GF"search(remote)";|||;['"pickup(clock)"', '"search(remote)"']
The robot must avoid the inactive_unstable_beam must keep holding until, from some point on, photo unsafe_victim holds infinitely often.;|||;"avoid(inactive_unstable_beam)" U GF"photo(unsafe_victim)";|||;['"avoid(inactive_unstable_beam)"', '"photo(unsafe_victim)"']
Photograph the motorcycle on northwest_8th_avenue must keep holding until, from some point on, photo the motorcycle on west_4th_street holds infinitely often.;|||;"photo(motorcycle,northwest_8th_avenue)" U GF"photo(motorcycle,west_4th_street)";|||;['"photo(motorcycle,northwest_8th_avenue)"', '"photo(motorcycle,west_4th_street)"']
Establish communication with the injured_hostile must keep holding until, from some point on, go_home holds infinitely often.;|||;"communicate(injured_hostile)" U GFgo_home;|||;['go_home', '"communicate(injured_hostile)"']
Record unsafe_rescuer must keep holding until, from some point on, avoid the probable_unstable_beam holds infinitely often.;|||;"record(unsafe_rescuer)" U GF"avoid(probable_unstable_beam)";|||;['"avoid(probable_unstable_beam)"', '"record(unsafe_rescuer)"']
Take a video of flood must keep holding until, from some point on, get_help holds infinitely often.;|||;"record(flood)" U GFget_help;|||;['get_help', '"record(flood)"']
Give aid to the injured_hostile must keep holding until, from some point on, communicate the injured_hostile holds infinitely often.;|||;"deliver_aid(injured_hostile)" U GF"communicate(injured_hostile)";|||;['"deliver_aid(injured_hostile)"', '"communicate(injured_hostile)"']
Call for help must keep holding until, from some point on, go_home holds infinitely often.;|||;get_help U GFgo_home;|||;['get_help', 'go_home']
Take a video of unsafe_rescuer must keep holding until, from some point on, photo injured_civilian holds infinitely often.;|||;"record(unsafe_rescuer)" U GF"photo(injured_civilian)";|||;['"photo(injured_civilian)"', '"record(unsafe_rescuer)"']
Photograph the pedestrian on west_6th_street must keep holding until, from some point on, change light_south yellow holds infinitely often.;|||;"photo(pedestrian,west_6th_street)" U GF"change(light_south,yellow)";|||;['"change(light_south,yellow)"', '"photo(pedestrian,west_6th_street)"']
Get help must keep holding until, from some point on, avoid the nearest_flood holds infinitely often.;|||;get_help U GF"avoid(nearest_flood)";|||;['get_help', '"avoid(nearest_flood)"']
Pick up the laptop must keep holding until, from some point on, deliver the dog to the loading_dock holds infinitely often.;|||;"pickup(laptop)" U GF"deliver(dog,loading_dock)";|||;['"deliver(dog,loading_dock)"', '"pickup(laptop)"']
Our agent must Please change light_south green and then get_help.;|||;"change(light_south,green)" U get_help;|||;['get_help', '"change(light_south,green)"']
In this task, photo the car on west_2nd_street, then record the pedestrian on west_4th_avenue.;|||;"photo(car,west_2nd_street)" U "record(pedestrian,west_4th_avenue)";|||;['"photo(car,west_2nd_street)"', '"record(pedestrian,west_4th_avenue)"']
The system must Please record the person on north_7th_avenue and then get_help.;|||;"record(person,north_7th_avenue)" U get_help;|||;['get_help', '"record(person,north_7th_avenue)"']
In this task, change light_west green, then get_help.;|||;"change(light_west,green)" U get_help;|||;['get_help', '"change(light_west,green)"']
The system must Please photo the cyclist on southwest_10th_avenue and then record the jaywalker on southwest_6th_street.;|||;"photo(cyclist,southwest_10th_avenue)" U "record(jaywalker,southwest_6th_street)";|||;['"photo(cyclist,southwest_10th_avenue)"', '"record(jaywalker,southwest_6th_street)"']
The system must Please pickup the microwave and then search the boat.;|||;"pickup(microwave)" U "search(boat)";|||;['"pickup(microwave)"', '"search(boat)"']
Our agent must Please get_help and then deliver the bottle to the shelf.;|||;get_help U "deliver(bottle,shelf)";|||;['get_help', '"deliver(bottle,shelf)"']
The robot must Please change light_west red and then photo the pedestrian on southeast_4th_street.;|||;"change(light_west,red)" U "photo(pedestrian,southeast_4th_street)";|||;['"change(light_west,red)"', '"photo(pedestrian,southeast_4th_street)"']
You must Please photo the car on southwest_1st_street and then get_help.;|||;"photo(car,southwest_1st_street)" U get_help;|||;['get_help', '"photo(car,southwest_1st_street)"']
This controller must Please change light_west red and then get_help.;|||;"change(light_west,red)" U get_help;|||;['get_help', '"change(light_west,red)"']
In this task, deliver_aid the safe_hostile, then get_help.;|||;"deliver_aid(safe_hostile)" U get_help;|||;['get_help', '"deliver_aid(safe_hostile)"']
In this task, get_help, then pickup the sports_ball.;|||;get_help U "pickup(sports_ball)";|||;['get_help', '"pickup(sports_ball)"']
